TESTRUN15_RECORD_508@hmcts.net,57c5446d-8298-44c4-a361-1d5acbac224a
TESTRUN15_RECORD_510@hmcts.net,7f409966-6e3d-4b6f-a559-964e2cc6fc77
TESTRUN15_RECORD_512@hmcts.net,1f93c3dd-d980-43d1-9618-548fb7176a70
TESTRUN15_RECORD_513@hmcts.net,825bf34d-5bf0-4ecf-8b38-6b4ed64e7407
TESTRUN15_RECORD_559@hmcts.net,d5522ada-0f01-4925-8ee8-e67f948ad1a3
TESTRUN15_RECORD_552@hmcts.net,d2bc350d-8616-4b8c-b95f-196284e28167
TESTRUN15_RECORD_19@hmcts.net,f6e8b9a9-cac4-4b2b-b730-7c84a387975d
TESTRUN15_RECORD_1593@hmcts.net,2c7a064e-d9c7-4d31-b0b1-0fc759952a67
TESTRUN15_RECORD_1607@hmcts.net,1a61decf-23ec-47a5-ac3f-fbdead483bff
TESTRUN15_RECORD_261@hmcts.net,e3410095-e08f-47a1-9998-204bd58ede23
TESTRUN15_RECORD_20@hmcts.net,a6bf2b4b-8c7d-4a2b-bc63-2f446f356ee5
TESTRUN15_RECORD_997@hmcts.net,867edd3b-f79d-4ddd-800c-69243873f4a8
TESTRUN15_RECORD_1610@hmcts.net,f78f9bb9-0c14-4a23-998c-c09c53c35776
TESTRUN15_RECORD_517@hmcts.net,571989b1-5f5f-46a6-a3d2-8c81d3383804
TESTRUN15_RECORD_518@hmcts.net,5ffba5db-ef52-4eeb-b822-436b584d81ed
TESTRUN15_RECORD_519@hmcts.net,c3521383-156d-45cc-a880-2798a8731777
TESTRUN15_RECORD_567@hmcts.net,f53f5de7-ecb8-4ccc-bb66-0c4cc0d608a4
TESTRUN15_RECORD_533@hmcts.net,9a45faca-d8ec-4619-8726-969c40cdc50d
TESTRUN15_RECORD_566@hmcts.net,36fbfd1a-d74e-4cf2-b0d0-92af8a523fc4
TESTRUN15_RECORD_534@hmcts.net,aaa39df7-5401-4f92-b7ba-55c9484dd956
TESTRUN15_RECORD_3039@hmcts.net,360a9584-e371-4f0d-bcbf-4cabd50a9b4b
TESTRUN15_RECORD_21@hmcts.net,9be635d8-ea42-445e-918c-f6413e94de47
TESTRUN15_RECORD_521@hmcts.net,bf2bbedc-9a62-4d6b-aa68-e41bfa7f3eec
TESTRUN15_RECORD_71@hmcts.net,bce6b464-b274-4b98-83bc-32788b4ca6b8
TESTRUN15_RECORD_561@hmcts.net,bf8caf25-30e8-474f-9be1-5fc512dc8206
TESTRUN15_RECORD_3078@hmcts.net,5f5be1e5-696f-4f3c-9d35-f8c21b3c6d1a
TESTRUN15_RECORD_41@hmcts.net,7fae2e10-cbb3-4c7a-8f54-d6cd72febb2b
TESTRUN15_RECORD_522@hmcts.net,bcf9ae32-cf0f-44e5-ba22-01d077a6e7a0
TESTRUN15_RECORD_579@hmcts.net,17a4f310-1abc-46a4-8fdd-ffa2af50068a
TESTRUN15_RECORD_525@hmcts.net,a575b3bf-a25d-497f-81c9-01c52d15d28d
TESTRUN15_RECORD_529@hmcts.net,9ae0a950-6d41-460a-ad2f-4553b0b22ca0
TESTRUN15_RECORD_531@hmcts.net,50a4e22a-af2e-4c9e-95c1-e2a66ec2b36f
TESTRUN15_RECORD_532@hmcts.net,9168e50b-4fd4-400d-bf80-073beaab8288
TESTRUN15_RECORD_288@hmcts.net,82263689-188e-4b8c-a6a0-7c5f912a7947
TESTRUN15_RECORD_22@hmcts.net,0c199abf-141d-4b24-888a-fd0fe50052a4
TESTRUN15_RECORD_1983@hmcts.net,ec83597c-50db-4399-bea9-a3b942e0ffe9
TESTRUN15_RECORD_23@hmcts.net,b977da88-2b9e-430e-b416-33db3b4eb5d3
TESTRUN15_RECORD_169@hmcts.net,db847706-8595-431a-b889-4386d6edb03f
TESTRUN15_RECORD_249@hmcts.net,7139b354-1b68-4c5c-bb95-03ce745b160f
TESTRUN15_RECORD_3166@hmcts.net,c43429f7-98d7-4069-8233-5eb353edb5c7
TESTRUN15_RECORD_536@hmcts.net,7713629e-b86b-416b-916a-217996e2916c
TESTRUN15_RECORD_479@hmcts.net,4eaae1a1-dcf1-4a80-8344-20c6ba121023
TESTRUN15_RECORD_26@hmcts.net,148a73f7-d699-44e7-8ea4-4571f975fdc2
TESTRUN15_RECORD_537@hmcts.net,b7e8085c-c9d3-46b9-8186-10625f5ffcbe
TESTRUN15_RECORD_539@hmcts.net,0c6f6217-2a85-4422-84e8-dd63c1b23cb3
TESTRUN15_RECORD_29@hmcts.net,a8efde33-fd7c-4783-b4f1-bbf0c324ef5d
TESTRUN15_RECORD_538@hmcts.net,238cb3b2-fce5-4f09-9e49-8b2391f4ddd6
TESTRUN15_RECORD_140@hmcts.net,552cb2d0-8408-473b-926b-c3e73ad1d0ee
TESTRUN15_RECORD_30@hmcts.net,38ba5833-e721-4d20-9db9-d6353bb8bf3f
TESTRUN15_RECORD_42@hmcts.net,10de53d1-26fb-4a13-981c-4de756afa882
TESTRUN15_RECORD_38@hmcts.net,1906ea4b-a75f-4d06-b2c4-20f8ecef860c
TESTRUN15_RECORD_2140@hmcts.net,94739aac-ae96-4a7d-8197-d282cd52dbb2
TESTRUN15_RECORD_40@hmcts.net,97c5697b-ed53-4c4c-a532-8f3d2479304a
TESTRUN15_RECORD_541@hmcts.net,6ebbb22f-308a-49e9-bdce-7296528d10f5
TESTRUN15_RECORD_77@hmcts.net,6f8cad22-4d38-4ecb-83e3-fd68877c8172
TESTRUN15_RECORD_31@hmcts.net,e530f5e5-3a61-4b49-bfad-a81c12356397
TESTRUN15_RECORD_3172@hmcts.net,364870ea-e823-445e-9e9e-d8905f894e7c
TESTRUN15_RECORD_981@hmcts.net,e36659e1-c77b-486f-81bd-3413b86f3a88
TESTRUN15_RECORD_1003@hmcts.net,5692308b-da9d-4253-9961-0ed36ef3460e
TESTRUN15_RECORD_1381@hmcts.net,ce4b6bd4-5629-4e35-bfab-8b398123e9d5
TESTRUN15_RECORD_33@hmcts.net,cda6ddb5-b7e5-4243-9731-c51fe89dff11
TESTRUN15_RECORD_108@hmcts.net,999bc8b6-8d7c-4459-96a8-90e1a3b61039
TESTRUN15_RECORD_1753@hmcts.net,fd1b6de1-39b1-4357-acbd-c0b204abd6f1
TESTRUN15_RECORD_1306@hmcts.net,0821a27e-ebab-4df9-b17f-09681a99bc99
TESTRUN15_RECORD_46@hmcts.net,5d0bbb97-95d2-461b-b322-aa220ca31b3f
TESTRUN15_RECORD_641@hmcts.net,198a348a-3345-4f0f-8262-57789dcab052
TESTRUN15_RECORD_4@hmcts.net,0e89c3e6-3514-480f-aaf3-7899bb4f6f24
TESTRUN15_RECORD_2141@hmcts.net,a4f5fc5c-beee-4209-8660-f83e00e528f3
TESTRUN15_RECORD_1754@hmcts.net,0e6c130e-69d3-4868-b655-6af41c460ef7
TESTRUN15_RECORD_542@hmcts.net,698f0930-e57c-4032-a6f2-b76bdc052c98
TESTRUN15_RECORD_1755@hmcts.net,8b7912fc-3c00-4665-9745-13734b936382
TESTRUN15_RECORD_1762@hmcts.net,8f3c919b-26d4-4e3f-9a5a-ba238700ab29
TESTRUN15_RECORD_1763@hmcts.net,935be82d-f0e6-4559-9343-125989c7b71f
TESTRUN15_RECORD_34@hmcts.net,dda90bac-4b11-47d4-8f37-336f6042dea8
TESTRUN15_RECORD_543@hmcts.net,6dfd92b3-b434-4efe-96e8-f89753ed34dd
TESTRUN15_RECORD_1764@hmcts.net,55380ee4-0aaa-4c2c-97aa-225f6b910be9
TESTRUN15_RECORD_45@hmcts.net,be0a10a9-571b-4a4a-84c9-e8c379bf8560
TESTRUN15_RECORD_25@hmcts.net,7302a81b-ae5b-4bf9-8a68-42a899530203
TESTRUN15_RECORD_2@hmcts.net,fe82621d-99d3-4c15-a6cb-344923bdeea3
TESTRUN15_RECORD_544@hmcts.net,35ce3abd-6025-47b5-8350-f3104b83d8eb
TESTRUN15_RECORD_107@hmcts.net,e97b3168-d5d4-4c01-9f1b-09b29f68ea64
TESTRUN15_RECORD_3086@hmcts.net,0f58fe35-e3a2-4e93-afc7-0b61dc90182d
TESTRUN15_RECORD_3046@hmcts.net,cc5e9990-e729-424c-9312-5435548485ac
TESTRUN15_RECORD_5@hmcts.net,9ea05fc7-35a0-463d-8f85-239f54157ab0
TESTRUN15_RECORD_3@hmcts.net,5f5363de-f14d-47a4-ac25-f31e159a871c
TESTRUN15_RECORD_545@hmcts.net,cad08711-2fec-42ab-b542-a1418ca21697
TESTRUN15_RECORD_1765@hmcts.net,910b9952-da00-4a27-80dd-fe8b034690d9
TESTRUN15_RECORD_1766@hmcts.net,92295bbb-d1e2-46b5-a720-b5fb96059617
TESTRUN15_RECORD_2017@hmcts.net,1af8533a-9ecb-4d7f-bb8d-262a66a75457
TESTRUN15_RECORD_84@hmcts.net,31f963b4-831b-4690-bbfe-073e7c458b58
TESTRUN15_RECORD_1@hmcts.net,ab7dfae4-6f94-4916-a187-3d3407cb38d0
TESTRUN15_RECORD_550@hmcts.net,7c6f34a4-6a31-4718-8dc4-b78398105203
TESTRUN15_RECORD_6@hmcts.net,796349fa-cd62-4138-b266-70dc88c2c643
TESTRUN15_RECORD_7@hmcts.net,95f86520-04f0-4518-b966-a47b81438715
TESTRUN15_RECORD_183@hmcts.net,ce3531c5-3aae-46d6-82ad-31dcfba652c2
TESTRUN15_RECORD_9@hmcts.net,7b756cfd-5481-4529-9be7-05949ea4ac7a
TESTRUN15_RECORD_412@hmcts.net,6e4fd384-2d36-4a91-ae05-86c1910328ef
TESTRUN15_RECORD_81@hmcts.net,1c9caca3-93f6-414b-bc01-1f0555945790
TESTRUN15_RECORD_551@hmcts.net,4f48a507-aaa6-4fb2-a139-3f18c2339756
TESTRUN15_RECORD_3050@hmcts.net,f20acee9-aa83-437e-8f1c-0c5e5b74e8cb
TESTRUN15_RECORD_547@hmcts.net,97e5c67c-0676-404d-a986-9e7c536a68bf
TESTRUN15_RECORD_3057@hmcts.net,ea4fc4ac-56f9-4baf-8085-9ff80b686018
TESTRUN15_RECORD_67@hmcts.net,44c7862b-cf87-42c9-8bd1-b34312c11e08
TESTRUN15_RECORD_2964@hmcts.net,71bceda4-e05c-420f-b886-e72277341247
TESTRUN15_RECORD_8@hmcts.net,3c344fd0-4fb8-4296-a795-7ed83334d440
TESTRUN15_RECORD_546@hmcts.net,b7d7a2ac-bcff-4734-887a-b989cb527c90
TESTRUN15_RECORD_11@hmcts.net,13f99051-5710-40f6-926a-51c4603a8be4
TESTRUN15_RECORD_12@hmcts.net,45418c43-f535-4349-9200-72d38c5e3526
TESTRUN15_RECORD_1747@hmcts.net,c1e82edd-9157-4918-a33d-94d9fb42d5c4
TESTRUN15_RECORD_2849@hmcts.net,744836d5-42a1-4f39-acaf-a4779c894525
TESTRUN15_RECORD_781@hmcts.net,5738e636-e565-4f1f-a673-adc343f2b415
TESTRUN15_RECORD_598@hmcts.net,9dcd8510-f243-4627-805e-3eda9b428cf8
TESTRUN15_RECORD_157@hmcts.net,6675dea2-7114-4dda-a433-4ecd36b23ac5
TESTRUN15_RECORD_3060@hmcts.net,1c390dd6-c532-4ce7-8ae6-8d6fd6d022be
TESTRUN15_RECORD_593@hmcts.net,06e92869-ab54-431a-ac2c-aa038d9ebb17
TESTRUN15_RECORD_3061@hmcts.net,ac858bb1-f650-490c-a9ce-e27d2dd0fe4f
TESTRUN15_RECORD_597@hmcts.net,7076f9b3-6ab4-41b8-a781-8e088e23e350
TESTRUN15_RECORD_101@hmcts.net,6bf75a3e-43bc-4b0f-8775-653b8f5af7c9
TESTRUN15_RECORD_3056@hmcts.net,c80778fb-8d16-4bdc-aabc-ab147b6a6089
TESTRUN15_RECORD_13@hmcts.net,70a3eb26-4624-4901-8a40-e31a6d9f6940
TESTRUN15_RECORD_368@hmcts.net,cae20a1c-0f27-4f25-9856-19b82b33c526
TESTRUN15_RECORD_3091@hmcts.net,27c87ea3-8166-4e95-b868-63dcb81968bf
TESTRUN15_RECORD_43@hmcts.net,9e440dde-7489-4d32-a512-206aa1f62ff9
TESTRUN15_RECORD_774@hmcts.net,ba989ab6-c273-43bf-829d-e8716fc69504
TESTRUN15_RECORD_548@hmcts.net,f8356737-7d08-4b46-937d-cfdf1d9fd1b4
TESTRUN15_RECORD_14@hmcts.net,fac90341-fc0f-4954-bd61-2982d41a2de3
TESTRUN15_RECORD_15@hmcts.net,575f995b-d975-4af4-8c3c-3501616da437
TESTRUN15_RECORD_10@hmcts.net,feb50d71-cc0f-4c5c-82aa-9337baaa84f6
TESTRUN15_RECORD_16@hmcts.net,7dcb5044-b920-4358-9166-3af8e4e5ef83
TESTRUN15_RECORD_549@hmcts.net,274304b0-270d-4429-81ab-2f00acebda0a
TESTRUN15_RECORD_70@hmcts.net,8db264c4-ee9d-4ef7-9072-3ede857c8439
TESTRUN15_RECORD_3063@hmcts.net,07f098fe-91bf-457a-9f67-864814e6f28b
TESTRUN15_RECORD_1647@hmcts.net,510960dc-3622-4cce-ada5-d15a504f0e52
TESTRUN15_RECORD_3071@hmcts.net,f8611078-bff8-40fc-a544-c971be029760
TESTRUN15_RECORD_369@hmcts.net,4d064ce1-f979-4195-92b5-ae253b151944
TESTRUN15_RECORD_17@hmcts.net,9079ea6c-7772-453d-88a3-07fd48ac47c0
TESTRUN15_RECORD_97@hmcts.net,25a17c00-11cb-4285-b6f6-76288f221ae8
TESTRUN15_RECORD_223@hmcts.net,3a15bf98-8c3a-4dd1-b391-0b73c27350a5
TESTRUN15_RECORD_74@hmcts.net,ac32590e-775b-4eb6-b610-bab04c41b206
TESTRUN15_RECORD_1141@hmcts.net,9d8921ec-867a-4254-bbbc-5f83519f55b9
TESTRUN15_RECORD_2436@hmcts.net,2298c636-2656-4d92-833f-3d41ca0a5d03
TESTRUN15_RECORD_1644@hmcts.net,647ff9b1-a6b4-47f5-bb5e-891abec4a7ce
TESTRUN15_RECORD_18@hmcts.net,e8f82e43-183c-4b37-80fb-c76ecfa9a9cb
TESTRUN15_RECORD_44@hmcts.net,42d1bfe7-0d85-4089-8816-e5cf74467f75
TESTRUN15_RECORD_161@hmcts.net,e8349c16-dea2-4699-a8ed-f104d100964b
TESTRUN15_RECORD_156@hmcts.net,a3949787-b8ee-417b-bb56-af0f16d3b167
TESTRUN15_RECORD_1645@hmcts.net,4748ae9a-6df0-4174-9069-82200c3d537a
TESTRUN15_RECORD_75@hmcts.net,7af0fdad-5878-4baa-8826-ceb4e0173763
TESTRUN15_RECORD_553@hmcts.net,51e99fb5-2943-4a3b-9802-9bc0cc35aac0
TESTRUN15_RECORD_1984@hmcts.net,f467cb06-b10a-4aab-8348-e9d361ceb14a
TESTRUN15_RECORD_554@hmcts.net,0b936d12-909b-4aa7-8831-9f8d445b131d
TESTRUN15_RECORD_1723@hmcts.net,020f3a80-8188-4233-8d09-46026e48686b
TESTRUN15_RECORD_557@hmcts.net,917c2b6e-83d2-4d1c-93f4-72dd2212363a
TESTRUN15_RECORD_47@hmcts.net,2d68cb20-e8eb-4446-b67a-aadb7f585ea1
TESTRUN15_RECORD_86@hmcts.net,806c3647-a2ab-4fff-8d6c-4f5cabc362bf
TESTRUN15_RECORD_558@hmcts.net,12917ad5-259a-4d16-8686-86c37fd89b82
TESTRUN15_RECORD_48@hmcts.net,e2c6fc12-3ff0-4cb9-8f1e-1e581bb57ef9
TESTRUN15_RECORD_560@hmcts.net,6318491a-cd1a-4ee5-bf12-04e3aea502bb
TESTRUN15_RECORD_49@hmcts.net,9f574ce9-1065-491b-8c83-d05d4764fd30
TESTRUN15_RECORD_51@hmcts.net,99d0767d-f99e-4190-a8f0-a6853d517fea
TESTRUN15_RECORD_56@hmcts.net,ba89cce7-49ea-4d11-825e-10d3818d362b
TESTRUN15_RECORD_50@hmcts.net,9bf9414d-85c7-4763-b842-4c026c4f9aae
TESTRUN15_RECORD_1653@hmcts.net,5614f15a-05da-4699-bfce-7b853d355f51
TESTRUN15_RECORD_213@hmcts.net,a46f3457-d270-4f8e-90ab-8695c0a83749
TESTRUN15_RECORD_1688@hmcts.net,bcb297ca-4d63-407f-979a-b00a263057f7
TESTRUN15_RECORD_2018@hmcts.net,662292cf-45f4-4b9a-b285-36fff8147e83
TESTRUN15_RECORD_87@hmcts.net,324f3ec1-c18f-4587-8ac0-bfd0c21ed5e3
TESTRUN15_RECORD_1702@hmcts.net,b95389a5-2aad-4f88-bf04-c152d01012e7
TESTRUN15_RECORD_52@hmcts.net,25fc6673-2f8d-4f92-9a52-06a4d4bf7fbb
TESTRUN15_RECORD_1703@hmcts.net,66a62a12-8baa-40e2-b469-4580a37371f2
TESTRUN15_RECORD_201@hmcts.net,0cea0bb6-3b65-4a2e-9f64-0009fd57c409
TESTRUN15_RECORD_53@hmcts.net,ef9130b2-e28b-4837-a9a7-ce28c80d6a92
TESTRUN15_RECORD_1706@hmcts.net,fd551435-f72a-429f-a57d-787fd595179e
TESTRUN15_RECORD_54@hmcts.net,0cd10208-85b0-46dd-9428-63c77572110f
TESTRUN15_RECORD_2967@hmcts.net,a25f28ec-8651-47dd-92a8-ff8c91fcab40
TESTRUN15_RECORD_55@hmcts.net,5dc2785d-4cde-4416-9654-23312ae7807f
TESTRUN15_RECORD_568@hmcts.net,acd2b7e1-ea0f-4e86-890a-ecd500eae552
TESTRUN15_RECORD_68@hmcts.net,e36402b8-150a-4765-9ba5-229090778518
TESTRUN15_RECORD_136@hmcts.net,7177bf56-8adf-4892-9c6d-79b52e3c6173
TESTRUN15_RECORD_1302@hmcts.net,336a9558-d679-48a0-a793-43b5e8b48aa2
TESTRUN15_RECORD_69@hmcts.net,7c1f5ed1-f6d1-4243-917c-287f42bf3f94
TESTRUN15_RECORD_57@hmcts.net,8400c65d-e8cb-4542-ac8b-513b8f7fe39d
TESTRUN15_RECORD_91@hmcts.net,e844909a-7350-4b2f-8907-80be3eb8310b
TESTRUN15_RECORD_58@hmcts.net,4807b8a1-a094-4f74-aaee-8af11ea66d86
TESTRUN15_RECORD_62@hmcts.net,fa18160a-c1b5-4bc1-a88d-b429ff8c8cb3
TESTRUN15_RECORD_2145@hmcts.net,cb39d6a1-9265-49c9-b084-77b6a416d7b6
TESTRUN15_RECORD_59@hmcts.net,fdd75ac7-8806-42db-b4ab-e4c75548fdf0
TESTRUN15_RECORD_66@hmcts.net,b1c6c3fd-e49d-4927-b4d4-a5b1c087dceb
TESTRUN15_RECORD_569@hmcts.net,d74bdb31-df31-45a8-855a-3e093398823d
TESTRUN15_RECORD_777@hmcts.net,e3662d6a-0b50-4100-b9a8-76647727fe41
TESTRUN15_RECORD_570@hmcts.net,1ef5da07-58a5-4fb5-8f79-d04a354b7b21
TESTRUN15_RECORD_72@hmcts.net,ed8e0901-2578-4e13-be57-22b6436db755
TESTRUN15_RECORD_571@hmcts.net,b8129b4a-c312-4f1e-920e-9706b6d72750
TESTRUN15_RECORD_573@hmcts.net,b80f1604-7ced-46ae-89c4-9fbb03537d8b
TESTRUN15_RECORD_2796@hmcts.net,2047daa6-03a4-463a-bf56-b54db6e1f96b
TESTRUN15_RECORD_150@hmcts.net,9c88a577-db66-476e-90fc-543c56069f70
TESTRUN15_RECORD_3108@hmcts.net,e5f9a0fa-fbc4-48a7-ac63-7687aec57b48
TESTRUN15_RECORD_76@hmcts.net,3d29ca9d-7aa6-4b2d-8c1b-25e99f388ec5
TESTRUN15_RECORD_1710@hmcts.net,933bb17e-6cff-47c4-915a-ec561e7b2ddd
TESTRUN15_RECORD_83@hmcts.net,77997ca6-7258-4266-8177-39a60cfe5162
TESTRUN15_RECORD_78@hmcts.net,d4a90bc8-e843-47ca-bc2a-9af1ce8cadcf
TESTRUN15_RECORD_79@hmcts.net,c4b3df97-9595-49b0-a690-dfc6182ad8ad
TESTRUN15_RECORD_624@hmcts.net,5c212b83-01de-4ec1-965c-249060172c7a
TESTRUN15_RECORD_80@hmcts.net,fa4ec075-02d1-458e-96c7-7940a01c8ef7
TESTRUN15_RECORD_613@hmcts.net,ccbf806a-0a72-48e2-b78d-578c59587e42
TESTRUN15_RECORD_133@hmcts.net,0d958d1d-b3a2-4c61-a463-c3552805aea6
TESTRUN15_RECORD_82@hmcts.net,81770dd2-aca4-4f50-8493-0ceeb828ba42
TESTRUN15_RECORD_574@hmcts.net,533c1dbc-5136-4480-bbb6-36e20c18b636
TESTRUN15_RECORD_3113@hmcts.net,abce5bf8-d026-4741-9605-5a7b485e727c
TESTRUN15_RECORD_562@hmcts.net,52087221-38a9-4ea5-9412-8fa29200af74
TESTRUN15_RECORD_576@hmcts.net,f3f77b12-1318-4282-aba3-246f0563f256
TESTRUN15_RECORD_159@hmcts.net,c8645f12-338c-4357-a565-62d648e81c0c
TESTRUN15_RECORD_3114@hmcts.net,869afbcd-b483-4a3a-b7bc-0fc1ff89fe79
TESTRUN15_RECORD_143@hmcts.net,2bb6bd4e-e7ff-4968-a61b-e08237367be9
TESTRUN15_RECORD_89@hmcts.net,9ea2b4c6-2cca-456d-b68c-b8e1b207b769
TESTRUN15_RECORD_98@hmcts.net,29aceb9b-dd41-46dc-9e05-109aa83eb2c8
TESTRUN15_RECORD_577@hmcts.net,0ad7e8b6-3d2e-45a0-ba01-24b889d02e7d
TESTRUN15_RECORD_90@hmcts.net,9583ed1d-2a43-40e5-90df-03f2a00b2074
TESTRUN15_RECORD_94@hmcts.net,c9419614-78b8-4c8a-8ab7-9688b281075a
TESTRUN15_RECORD_578@hmcts.net,179b31d4-4068-45fb-b1da-787fc5f6043a
TESTRUN15_RECORD_581@hmcts.net,5a5fe987-b83d-4875-82ad-37fcb48242da
TESTRUN15_RECORD_115@hmcts.net,78a13559-de6f-4d36-8401-65abfb2a9661
TESTRUN15_RECORD_632@hmcts.net,9fd8105f-cc96-4b87-b13c-ff9700224a3a
TESTRUN15_RECORD_3124@hmcts.net,fcf365b6-026e-4ea5-8aeb-d77627d52d64
TESTRUN15_RECORD_1495@hmcts.net,3894275c-8153-4218-b235-b07e9fdbc858
TESTRUN15_RECORD_618@hmcts.net,8db9db60-fb6c-44bd-bc2b-ac1a085c4e21
TESTRUN15_RECORD_147@hmcts.net,d5bd548b-57e8-4ce1-9723-6f986ba7a6d9
TESTRUN15_RECORD_95@hmcts.net,df40f211-4661-4f1f-9214-49df79d28f7f
TESTRUN15_RECORD_96@hmcts.net,d95a3161-aee3-4d58-b289-d3319c42585b
TESTRUN15_RECORD_1035@hmcts.net,dfc60975-a60d-40f0-9241-cbfa707c1c7d
TESTRUN15_RECORD_580@hmcts.net,67c4eca7-038f-4f7d-8346-0718cf3300c8
TESTRUN15_RECORD_404@hmcts.net,e77381cc-dfac-4fe1-83d0-455959c47262
TESTRUN15_RECORD_1041@hmcts.net,6a3bab9b-50c7-4ad6-a3df-773d891b8231
TESTRUN15_RECORD_100@hmcts.net,9ba2634c-970d-4185-89cf-33ce65c1e4af
TESTRUN15_RECORD_582@hmcts.net,f5eec8e0-50c8-4f23-b218-aab0511f8b89
TESTRUN15_RECORD_103@hmcts.net,d6e75bf2-f765-4c4b-bbc8-f39c2ea84f65
TESTRUN15_RECORD_583@hmcts.net,22679da7-74b7-4f97-8edb-c9600edab340
TESTRUN15_RECORD_691@hmcts.net,ba921350-0488-43c5-8283-bd24623c9b4a
TESTRUN15_RECORD_118@hmcts.net,01780fa0-bf28-41aa-bdae-831536a8301e
TESTRUN15_RECORD_638@hmcts.net,6f58ee77-1a85-4747-99d5-26d53e6c2ffe
TESTRUN15_RECORD_106@hmcts.net,256b3df4-22ea-4980-a9f0-1e38f425a159
TESTRUN15_RECORD_1731@hmcts.net,348148dc-1b64-40c4-bf9d-45e85404a108
TESTRUN15_RECORD_1042@hmcts.net,dcb01bd0-31c7-4c78-8150-06925f760018
TESTRUN15_RECORD_1726@hmcts.net,802f01a4-3c7b-403a-8620-fb0ca94ec273
TESTRUN15_RECORD_1742@hmcts.net,9244c276-e92d-4f63-a5ba-abe660a56d4e
TESTRUN15_RECORD_1060@hmcts.net,9dc8329e-5423-4a04-8e20-1cc3f6aa4c7e
TESTRUN15_RECORD_1056@hmcts.net,2b518474-91a2-4158-9c7c-be5c5e4cb10a
TESTRUN15_RECORD_1736@hmcts.net,b328e04c-33cc-48ca-b0af-b89f5d33ed23
TESTRUN15_RECORD_1758@hmcts.net,62adb840-2590-4601-a1cc-d313ef2d1246
TESTRUN15_RECORD_1057@hmcts.net,8b268e59-52a9-4e36-8e80-39e80220c81a
TESTRUN15_RECORD_109@hmcts.net,00c4f1e9-13ff-49b5-8662-f815303db09f
TESTRUN15_RECORD_1933@hmcts.net,aa0aa587-947d-4017-8d31-fa17c317473e
TESTRUN15_RECORD_1778@hmcts.net,6771d613-6109-4470-b6ce-409d07ab286b
TESTRUN15_RECORD_112@hmcts.net,5cf5eb51-1a44-4a70-afd2-e1b5c4b0efcf
TESTRUN15_RECORD_1937@hmcts.net,b30a65dd-e973-46e1-bca1-798dc9d7f1d9
TESTRUN15_RECORD_117@hmcts.net,a02acc38-844a-4bd0-a5b2-571eba9cea2a
TESTRUN15_RECORD_1812@hmcts.net,3e87d7dc-5b9b-4146-94cf-d457bf64aa26
TESTRUN15_RECORD_120@hmcts.net,aceabe9d-cc5d-4f82-9d2e-c3deba3d73e3
TESTRUN15_RECORD_1089@hmcts.net,709a7e3c-fa5c-459a-83bc-cd892763a7b9
TESTRUN15_RECORD_110@hmcts.net,a1726a49-d91d-40b9-9d15-866b58af0ed7
TESTRUN15_RECORD_116@hmcts.net,bace6bbc-2a7d-4d09-b1c7-7e91b5312b93
TESTRUN15_RECORD_540@hmcts.net,2bab1c52-9388-4ffa-8c3c-8e9996325500
TESTRUN15_RECORD_1068@hmcts.net,1c8c8366-1e73-49de-8488-88c936881320
TESTRUN15_RECORD_1078@hmcts.net,87ee7844-eaf8-466e-8be9-01125d06d214
TESTRUN15_RECORD_2899@hmcts.net,017ff363-f52a-44e3-9a53-9a5c5a8152b7
TESTRUN15_RECORD_119@hmcts.net,6d7e7afa-92ca-473e-9ca6-b3d3919600c9
TESTRUN15_RECORD_1084@hmcts.net,728ddac8-0655-4837-b296-6ba81fa42c3b
TESTRUN15_RECORD_113@hmcts.net,40c9b106-7c49-4434-8299-1e1067884207
TESTRUN15_RECORD_1087@hmcts.net,4bfd587a-ed1b-4faa-91fc-723509530963
TESTRUN15_RECORD_1775@hmcts.net,e3a50312-c857-4015-8317-ba58e571f8b5
TESTRUN15_RECORD_93@hmcts.net,8a8afb84-0d5a-4023-97fe-40f03cfe9bcb
TESTRUN15_RECORD_785@hmcts.net,3c79826a-af37-4c63-9ab1-35709fd792fd
TESTRUN15_RECORD_1093@hmcts.net,e3a6a0c3-df6b-4371-a584-e680bd8df10f
TESTRUN15_RECORD_1092@hmcts.net,6d2ec773-0117-4d14-ad94-484d2b74235b
TESTRUN15_RECORD_1095@hmcts.net,deda71c4-eef1-4722-bc27-38b10b71c263
TESTRUN15_RECORD_1782@hmcts.net,48290d6e-5ad2-4d73-9803-973660e0023d
TESTRUN15_RECORD_121@hmcts.net,40cd5f5f-17c9-46f6-9428-98750fcd9e83
TESTRUN15_RECORD_3182@hmcts.net,7688da09-8800-4717-896d-81cc139c5d24
TESTRUN15_RECORD_584@hmcts.net,1b316425-6f45-429b-87b4-42bc1cf24ab4
TESTRUN15_RECORD_915@hmcts.net,20e1c1ad-270d-4faf-a88f-4baf381b2c2d
TESTRUN15_RECORD_619@hmcts.net,564fb6bb-76ad-4fa5-a2e9-914dd259c362
TESTRUN15_RECORD_122@hmcts.net,e196a4b4-b52f-45c7-b61c-296e97239d8b
TESTRUN15_RECORD_39@hmcts.net,86b681af-8f82-4409-b31c-adbb6a65f889
TESTRUN15_RECORD_124@hmcts.net,de725583-8568-4669-b653-cf318a6b0fe6
TESTRUN15_RECORD_227@hmcts.net,c0a71b15-e946-4663-8968-338030948f85
TESTRUN15_RECORD_587@hmcts.net,d0602fda-0c38-43bc-b946-b29779860eb8
TESTRUN15_RECORD_125@hmcts.net,28ade97f-3cc2-4311-b8d1-881544a8aabd
TESTRUN15_RECORD_585@hmcts.net,4a9698e0-ac99-4399-8708-9b05ecf60ffe
TESTRUN15_RECORD_359@hmcts.net,c2845110-7248-43d7-887c-abe039b98d11
TESTRUN15_RECORD_586@hmcts.net,60b72f7a-a4cf-4f95-8767-26da7963bc8d
TESTRUN15_RECORD_123@hmcts.net,f75dadf1-b931-483a-9c20-906868759aaa
TESTRUN15_RECORD_2718@hmcts.net,796378b5-2828-4835-b781-e6a659186983
TESTRUN15_RECORD_126@hmcts.net,df0952e5-744a-415b-8d48-2be84dbb645f
TESTRUN15_RECORD_401@hmcts.net,ed2f9efd-5f7f-47be-af11-d3e5cc6a7cd6
TESTRUN15_RECORD_588@hmcts.net,3e1127fb-04b6-4e28-acac-ec6fc7a8cb51
TESTRUN15_RECORD_1785@hmcts.net,39c187be-702c-4266-91b2-54b1014c6dd6
TESTRUN15_RECORD_142@hmcts.net,66fabc31-9b26-4b9e-88b6-d8c182add72b
TESTRUN15_RECORD_127@hmcts.net,ebd8932f-e4cd-4832-bab3-5237a67a71c6
TESTRUN15_RECORD_1153@hmcts.net,d4a73828-b18a-4cd0-8ba6-859e74ec5359
TESTRUN15_RECORD_145@hmcts.net,b9f64222-b93f-4b34-81b1-1de2ec6fa09d
TESTRUN15_RECORD_1790@hmcts.net,7a519163-6848-4bc6-a0c4-51b1390f4704
TESTRUN15_RECORD_1099@hmcts.net,6a481856-9ff4-431d-9863-0d6d65f8b65e
TESTRUN15_RECORD_128@hmcts.net,d4d6873f-089e-46c4-8d07-31ece402173e
TESTRUN15_RECORD_2981@hmcts.net,980b5915-cb69-4229-af6e-19eadc6b3503
TESTRUN15_RECORD_591@hmcts.net,57e18922-66e3-4648-ae43-f2135cc05047
TESTRUN15_RECORD_1849@hmcts.net,bb91dac2-f248-403a-81a5-8efcecaf17f4
TESTRUN15_RECORD_1135@hmcts.net,e95036f0-7fff-467f-a01b-db89de1e130a
TESTRUN15_RECORD_1826@hmcts.net,f74389c5-419b-44c1-8ef8-2f6519c83245
TESTRUN15_RECORD_1163@hmcts.net,51cab05e-adf4-4cdb-ad8c-9b2186525904
TESTRUN15_RECORD_1151@hmcts.net,52b302be-bb66-46e2-8c2a-984391d11b45
TESTRUN15_RECORD_1834@hmcts.net,3cb794f7-28b1-4da4-a392-eea11256e816
TESTRUN15_RECORD_131@hmcts.net,61451e9b-3aa7-495b-a049-1b3b13d0ab67
TESTRUN15_RECORD_1165@hmcts.net,489ac1f1-4ff7-4ea3-97e6-21922e90fe46
TESTRUN15_RECORD_2976@hmcts.net,761a0e45-2b0b-47ab-bea1-9fba44fc2d31
TESTRUN15_RECORD_1173@hmcts.net,8e1f50c9-4c11-4d1f-8339-0e2a9f5af94e
TESTRUN15_RECORD_2983@hmcts.net,0e83fa90-6e85-46cf-b3fd-415c7a2b6c3a
TESTRUN15_RECORD_2996@hmcts.net,a2089722-8058-4a2e-a803-fdcf33f36c26
TESTRUN15_RECORD_130@hmcts.net,1ffaf941-d486-43ed-927a-73d45c276db1
TESTRUN15_RECORD_589@hmcts.net,0c8d45fa-378e-4e0d-8ecc-77f78a22f7d2
TESTRUN15_RECORD_2848@hmcts.net,20833ee2-1fd3-4881-a13f-a3d5c613f476
TESTRUN15_RECORD_596@hmcts.net,46a8c7b8-e3c7-445a-93de-71f9851d2278
TESTRUN15_RECORD_132@hmcts.net,77a92724-a818-41e3-bdca-8c7e16ba4851
TESTRUN15_RECORD_592@hmcts.net,d8f6b336-6c5c-4df4-abb8-7f1894567d5a
TESTRUN15_RECORD_160@hmcts.net,c391f4b1-b957-4120-8d75-1edb3e64c91c
TESTRUN15_RECORD_603@hmcts.net,597b56e3-9ae9-4261-8bda-d184e7749073
TESTRUN15_RECORD_152@hmcts.net,23ffd782-4d8a-4864-ae0a-7b0bab99b013
TESTRUN15_RECORD_144@hmcts.net,3527c63f-a5c1-43b2-be8c-2fa580534d2b
TESTRUN15_RECORD_1845@hmcts.net,ac2b54f8-bc68-40fa-9bd8-ee996da21f53
TESTRUN15_RECORD_3151@hmcts.net,fdff4f53-3f11-429a-a24a-a95208b63cd6
TESTRUN15_RECORD_166@hmcts.net,e623a97b-7763-401f-96dc-da33fba2243c
TESTRUN15_RECORD_135@hmcts.net,62e330d9-6e1e-483b-9145-a83adf5eef26
TESTRUN15_RECORD_199@hmcts.net,22723f0a-64dd-4fbd-9b62-e5ca3a7d4a49
TESTRUN15_RECORD_134@hmcts.net,2cd015ec-b7c5-4945-a86f-3e09af7a2c59
TESTRUN15_RECORD_594@hmcts.net,c2771d3a-b078-4072-ab1b-6d0b9d2dfc2a
TESTRUN15_RECORD_139@hmcts.net,48ae642d-4996-452a-92b0-7a6aa0ac9675
TESTRUN15_RECORD_168@hmcts.net,4c42fb82-2b87-40f8-890e-e8acb69db7ae
TESTRUN15_RECORD_382@hmcts.net,9ff55d95-abdb-4a31-b4b0-c0a6e439b5b8
TESTRUN15_RECORD_599@hmcts.net,1bacb1a2-ff3f-46fe-83b2-736b85282724
TESTRUN15_RECORD_1583@hmcts.net,77766707-5a22-4b49-b3aa-ac743be62e8f
TESTRUN15_RECORD_2861@hmcts.net,946dba48-534c-4b6d-97e9-7786a843f472
TESTRUN15_RECORD_600@hmcts.net,e96369f9-3e2a-4dd8-a880-3e14f51daade
TESTRUN15_RECORD_141@hmcts.net,997ff0a4-c860-4f83-900d-56cc57219317
TESTRUN15_RECORD_601@hmcts.net,ebc19421-a683-4168-a48c-ea24b9e0d653
TESTRUN15_RECORD_202@hmcts.net,bfa7cc52-3eaf-4975-9063-daa85722a651
TESTRUN15_RECORD_1279@hmcts.net,725f7862-c6de-4f5f-8fbf-15093086a88f
TESTRUN15_RECORD_146@hmcts.net,19dac0e4-84eb-4512-afa2-44b2a41d4055
TESTRUN15_RECORD_188@hmcts.net,104501c0-f1fa-45a6-85ef-bbbbc6f30ad6
TESTRUN15_RECORD_1235@hmcts.net,c51670fe-51b7-4dfc-a5a8-f8109c91f754
TESTRUN15_RECORD_149@hmcts.net,0b131cfa-4e8f-41d8-bd1c-d5f36ce8c3c0
TESTRUN15_RECORD_602@hmcts.net,c2abce1c-67be-4210-ae74-98fd42cb8787
TESTRUN15_RECORD_527@hmcts.net,4bf57ec2-a485-42a7-b146-d1017fd0b810
TESTRUN15_RECORD_151@hmcts.net,40dbea95-c361-46bc-8a22-6f32095bb71b
TESTRUN15_RECORD_155@hmcts.net,c3ef9f10-3318-4d3b-ab7b-b8ea6f948b5b
TESTRUN15_RECORD_398@hmcts.net,24975cd4-68c6-4b53-93b2-afa165251157
TESTRUN15_RECORD_1865@hmcts.net,93240ff4-6575-4b0b-9087-ab05919519bc
TESTRUN15_RECORD_1903@hmcts.net,6539c8f8-0af4-4e96-b752-5a3d84514936
TESTRUN15_RECORD_1180@hmcts.net,6067fa46-39d3-4e55-becf-03f2390cdcc3
TESTRUN15_RECORD_1370@hmcts.net,c40f1fe5-545b-4aea-be7f-28228fb37bcb
TESTRUN15_RECORD_1191@hmcts.net,2314b70a-407b-4034-8072-2ba761178f0d
TESTRUN15_RECORD_182@hmcts.net,b1be31af-0dcb-4007-bb33-569501f493f8
TESTRUN15_RECORD_1216@hmcts.net,592d0ae3-b1c4-4992-83b2-3f8d6b0722d4
TESTRUN15_RECORD_604@hmcts.net,086aacdc-69ca-4d15-87ff-8edb0c96a44a
TESTRUN15_RECORD_163@hmcts.net,48b977ee-a986-454b-be50-497d79be559a
TESTRUN15_RECORD_162@hmcts.net,b8aec27d-0ad4-4492-aa9c-30dfde935c94
TESTRUN15_RECORD_607@hmcts.net,76d70f82-253e-417c-a23b-a0d7e0d2894b
TESTRUN15_RECORD_187@hmcts.net,ef9c83bf-29e0-4af7-b0ad-8a92e7345409
TESTRUN15_RECORD_608@hmcts.net,0bd7981e-ed36-40a4-bff8-8a7cf58bc9a8
TESTRUN15_RECORD_164@hmcts.net,e30d0495-5f89-48b2-b97a-61fdd242a4ed
TESTRUN15_RECORD_165@hmcts.net,fc460179-d418-4c62-b57a-c97c1bfd2b01
TESTRUN15_RECORD_1225@hmcts.net,f07e7da9-b3fe-4464-acd2-0bba48c66c65
TESTRUN15_RECORD_609@hmcts.net,61df97dd-6802-4720-a9b0-2678d1862daf
TESTRUN15_RECORD_2250@hmcts.net,ff15b007-6fe2-48a5-9626-f03b5c9b1d9d
TESTRUN15_RECORD_1238@hmcts.net,770b40a3-918b-4edd-b1a0-67e1056a1836
TESTRUN15_RECORD_1239@hmcts.net,c17221b9-f8e5-4c89-b0aa-21dd7db85122
TESTRUN15_RECORD_1951@hmcts.net,e4cbe551-1292-4de2-b69e-4eeb51320de8
TESTRUN15_RECORD_204@hmcts.net,9bbf7173-424a-4166-b2c8-03b61d1ddb4f
TESTRUN15_RECORD_171@hmcts.net,a09fda5a-6a7d-4ab5-9ede-c6eb75cc2631
TESTRUN15_RECORD_610@hmcts.net,1436de72-ad98-4831-82d0-84681bc90440
TESTRUN15_RECORD_172@hmcts.net,18ff439c-3762-4936-a422-b9da65d57cc7
TESTRUN15_RECORD_611@hmcts.net,87af77cc-a55b-4134-aed7-28a73c87e051
TESTRUN15_RECORD_174@hmcts.net,c3610640-e809-4c87-9e5f-0bd5032b8955
TESTRUN15_RECORD_177@hmcts.net,cb981978-8a4e-4488-a1ee-8a844d07d936
TESTRUN15_RECORD_178@hmcts.net,71c84321-1b84-493a-9515-d2b4ef67a2d9
TESTRUN15_RECORD_614@hmcts.net,5da25516-7621-4292-8ff1-d1e427ed66ff
TESTRUN15_RECORD_205@hmcts.net,7f7838c2-da3b-41de-973b-84e4dc865bf7
TESTRUN15_RECORD_615@hmcts.net,86b27341-954f-43f6-b258-0e937a139bce
TESTRUN15_RECORD_1244@hmcts.net,2f7fdd75-08f2-4de0-bde3-0744a69f35f1
TESTRUN15_RECORD_1283@hmcts.net,b6697253-7522-4fc4-b867-623c073d8d18
TESTRUN15_RECORD_617@hmcts.net,81930cc6-e36f-40e9-b8f0-e0620c0427ef
TESTRUN15_RECORD_1282@hmcts.net,75b5112f-9b80-4621-95a3-c755054578b4
TESTRUN15_RECORD_892@hmcts.net,d84cbc01-827e-411b-a349-babbd66b164e
TESTRUN15_RECORD_181@hmcts.net,39e3da0b-d8b1-48ff-8239-ad6a50c30283
TESTRUN15_RECORD_809@hmcts.net,9f0f19a0-bfe9-4f6c-b39c-8c95119adc2c
TESTRUN15_RECORD_606@hmcts.net,371d4e47-f1a4-4649-bff5-a3632d04f902
TESTRUN15_RECORD_620@hmcts.net,217aacc1-2e38-44bc-bd33-9b4871619fdc
TESTRUN15_RECORD_185@hmcts.net,00571692-9747-4a74-8fff-56264f918c26
TESTRUN15_RECORD_621@hmcts.net,b7001d71-9cad-4593-8bea-89d27e0f1703
TESTRUN15_RECORD_186@hmcts.net,8ba001f1-5a12-4b0b-a2f8-5c3497a100f4
TESTRUN15_RECORD_626@hmcts.net,8473741f-e444-4981-b22c-8054349f30af
TESTRUN15_RECORD_2031@hmcts.net,33f0d8ea-1ab6-448f-8b73-5ca618c0e8bf
TESTRUN15_RECORD_189@hmcts.net,58e6f105-7b14-4030-bfae-c9790d18b3b1
TESTRUN15_RECORD_190@hmcts.net,34c9c221-2988-4b3b-bbbb-3e259ca845d9
TESTRUN15_RECORD_627@hmcts.net,1dc8afd4-59f0-429f-bf59-b64309a2e5ec
TESTRUN15_RECORD_630@hmcts.net,e16d8ffe-f901-4a62-8e95-b4155c078c66
TESTRUN15_RECORD_898@hmcts.net,e0d58556-bde6-4d00-b317-df28254f63f0
TESTRUN15_RECORD_191@hmcts.net,0869750b-0eb8-413a-a2e1-e9030f9c72b6
TESTRUN15_RECORD_885@hmcts.net,6606d6ff-6512-4b6f-8d34-4d9a310f66d6
TESTRUN15_RECORD_896@hmcts.net,c52d4a6b-e821-4907-beaa-805178503d71
TESTRUN15_RECORD_192@hmcts.net,5a473837-0360-49af-b29d-243a762f8b45
TESTRUN15_RECORD_194@hmcts.net,8c38a56e-c49a-4200-b2eb-280080abd73e
TESTRUN15_RECORD_1037@hmcts.net,9527e92e-c15b-479e-bf85-df468b20bcd2
TESTRUN15_RECORD_215@hmcts.net,48f81169-dbb6-43db-a66e-f42957c6c610
TESTRUN15_RECORD_669@hmcts.net,784bcaa5-ee13-4b01-ab35-ae84a80595d1
TESTRUN15_RECORD_216@hmcts.net,ee6c9fba-5518-4561-8002-bfb79bc3c27a
TESTRUN15_RECORD_1250@hmcts.net,7d878a17-be95-432c-9885-5a41a70cd472
TESTRUN15_RECORD_195@hmcts.net,157d9859-3a33-41a3-b134-d6e151c7f82e
TESTRUN15_RECORD_900@hmcts.net,5f549a82-5d8b-45c9-b74a-a1585cc2fd67
TESTRUN15_RECORD_901@hmcts.net,ebd58a1e-bdda-4449-afbf-6bcb2252fda7
TESTRUN15_RECORD_196@hmcts.net,de34ceac-99cb-42da-a61e-baf1ae4c5775
TESTRUN15_RECORD_198@hmcts.net,2d72f4ae-10d0-472e-8f1e-260460d710de
TESTRUN15_RECORD_1288@hmcts.net,85c6aa7b-7a28-4fe5-9a64-e89b3b168c7b
TESTRUN15_RECORD_200@hmcts.net,516d623f-355b-44d0-8052-92a543882462
TESTRUN15_RECORD_203@hmcts.net,6d237707-2492-46b8-82ca-520fd804b053
TESTRUN15_RECORD_230@hmcts.net,340ae739-e439-483a-856c-758f113740f6
TESTRUN15_RECORD_1914@hmcts.net,40716037-f034-42b2-8efb-f4a2ab9fec11
TESTRUN15_RECORD_631@hmcts.net,58a49e76-c28b-4958-a638-5ff89b1cd22a
TESTRUN15_RECORD_1294@hmcts.net,d5ae4ff2-a480-4de8-b6af-48f3c2fe122c
TESTRUN15_RECORD_634@hmcts.net,54fc258e-2baa-4758-a71b-9aba40a15266
TESTRUN15_RECORD_1304@hmcts.net,bcd78bcc-c074-41fd-88e5-05e9042772e2
TESTRUN15_RECORD_635@hmcts.net,757bd095-baf6-4ec6-aae0-0ee2953ff48c
TESTRUN15_RECORD_1309@hmcts.net,8a07be67-fa1e-4a24-a2da-adaa002773d8
TESTRUN15_RECORD_636@hmcts.net,d83d1950-10d1-4282-9de9-1de70457c4b3
TESTRUN15_RECORD_1303@hmcts.net,8a6ebf6f-0659-421a-abd8-90373cbda452
TESTRUN15_RECORD_637@hmcts.net,104a1968-6ab3-419c-8e74-c0e0722d512a
TESTRUN15_RECORD_1311@hmcts.net,4df06825-42de-4af2-a1a1-79b1f43ea4a7
TESTRUN15_RECORD_681@hmcts.net,5ea4c140-efa9-4c19-ae52-672a565aacbd
TESTRUN15_RECORD_1326@hmcts.net,87fc03cd-92a6-494c-97ab-fcd7b5d412ed
TESTRUN15_RECORD_682@hmcts.net,21b08080-a22b-4dca-9d64-76127b12a099
TESTRUN15_RECORD_208@hmcts.net,add4965d-7aa0-49ba-8b10-a8ab7a93004f
TESTRUN15_RECORD_929@hmcts.net,af478779-6188-48f8-aad3-490e4ea60c0d
TESTRUN15_RECORD_210@hmcts.net,24e41b20-95d2-4637-8072-62950b30b875
TESTRUN15_RECORD_1039@hmcts.net,7ca794df-0b0c-4efc-8f76-205f406020e5
TESTRUN15_RECORD_211@hmcts.net,3e0fdea0-4a10-491b-9bca-54409133461e
TESTRUN15_RECORD_2208@hmcts.net,fcc73d53-65ae-4c5c-bff9-3321905c1fcc
TESTRUN15_RECORD_950@hmcts.net,391ad2f2-e297-482e-82d2-de1a1373b040
TESTRUN15_RECORD_1331@hmcts.net,afa8e4de-5349-4703-b187-10bd0a1e84f7
TESTRUN15_RECORD_212@hmcts.net,11d2fb61-020d-41c2-bb33-11c8ccb25761
TESTRUN15_RECORD_953@hmcts.net,5e2365a2-8f28-427b-98f4-fcfa7e4ffe82
TESTRUN15_RECORD_214@hmcts.net,705326e1-5684-4754-a083-8c262c196555
TESTRUN15_RECORD_1329@hmcts.net,3a4f6886-b2bb-40c6-81d8-05971e078549
TESTRUN15_RECORD_956@hmcts.net,6eae6481-cff3-4e9b-b510-2b6012c7b49a
TESTRUN15_RECORD_1332@hmcts.net,e13a047f-9aff-4313-9851-94d4bdc913c1
TESTRUN15_RECORD_242@hmcts.net,f812f72b-cc54-4812-90ba-d59013504eae
TESTRUN15_RECORD_220@hmcts.net,107a3144-55bd-4cb5-a95d-e20f182a653e
TESTRUN15_RECORD_1340@hmcts.net,b516ee85-97f4-4477-845a-bc3387c240fc
TESTRUN15_RECORD_958@hmcts.net,dbdf6f8e-b6df-439b-a52b-14f795ba3a83
TESTRUN15_RECORD_218@hmcts.net,b886a595-0a58-4967-958e-2086bbffe4b5
TESTRUN15_RECORD_224@hmcts.net,9a8a48bc-f8e0-4d03-b122-40a514f48f9d
TESTRUN15_RECORD_2998@hmcts.net,93e89fba-2459-4d78-b9c1-f749a3eb927f
TESTRUN15_RECORD_219@hmcts.net,47008f90-559b-45c0-87e2-5e6ddd69c5ff
TESTRUN15_RECORD_642@hmcts.net,49bb286d-49a8-4dec-9e78-7ec3a5fe6aee
TESTRUN15_RECORD_245@hmcts.net,270d5d1c-b2d9-4d01-a243-b825e0cad192
TESTRUN15_RECORD_419@hmcts.net,77f7004c-e0d9-4013-9755-b13d1e2a8ab7
TESTRUN15_RECORD_221@hmcts.net,aaacdb2a-31f4-4511-81b1-a1ead47d8719
TESTRUN15_RECORD_416@hmcts.net,a50c99f0-b848-4367-92c6-5bd9000c2edf
TESTRUN15_RECORD_3011@hmcts.net,208e39bb-cd2b-4c38-9a13-377936cb027f
TESTRUN15_RECORD_241@hmcts.net,2a6cd319-2442-4c9d-b8c5-baa3c93d8cbe
TESTRUN15_RECORD_243@hmcts.net,1fc4f8f9-ca9b-4710-802c-1a4ab171f2c4
TESTRUN15_RECORD_3015@hmcts.net,4aa63330-b328-40fa-bf0f-9ac910a9bbd5
TESTRUN15_RECORD_640@hmcts.net,9e293bfd-4e73-4eb4-8379-93f3f27ff5df
TESTRUN15_RECORD_623@hmcts.net,72c80cd8-57d0-45e9-9a18-034ec22a1726
TESTRUN15_RECORD_222@hmcts.net,21f82560-baef-425d-afbd-bf9ac4ebf802
TESTRUN15_RECORD_639@hmcts.net,0f1565b2-ca33-4576-9278-6120bf04e3bf
TESTRUN15_RECORD_226@hmcts.net,a52c4b4c-db46-430f-9d26-3f8555d7d823
TESTRUN15_RECORD_229@hmcts.net,78254329-c6a7-4632-bc7b-5c0479ce6c61
TESTRUN15_RECORD_232@hmcts.net,41716e42-1d7c-4de0-aafd-476c6ad8b54c
TESTRUN15_RECORD_2935@hmcts.net,06bed56e-b4d2-4c19-a0c5-a1146ba09195
TESTRUN15_RECORD_1611@hmcts.net,471bbff7-d5d3-4e10-8a16-79023a02b201
TESTRUN15_RECORD_2216@hmcts.net,497283d3-8012-455a-9736-8af88bf260a9
TESTRUN15_RECORD_234@hmcts.net,bc068588-a91d-4ff4-afed-97eb43b24952
TESTRUN15_RECORD_235@hmcts.net,274f5bfa-599a-4145-9d65-ad4628dbe21d
TESTRUN15_RECORD_206@hmcts.net,73ad0d98-6607-409f-aff3-d5e118b5fc6e
TESTRUN15_RECORD_685@hmcts.net,6596dae1-fca0-4fd4-8370-0a933f1cf10a
TESTRUN15_RECORD_1920@hmcts.net,eadec328-01ae-47a5-a49c-18e878051cfc
TESTRUN15_RECORD_2991@hmcts.net,685b1a11-4553-4431-ad69-fd1ace3ef6bd
TESTRUN15_RECORD_1363@hmcts.net,ce6610a7-3866-47e1-8075-169e5a49d8a7
TESTRUN15_RECORD_394@hmcts.net,cda2d000-7a28-42c4-ad64-293fee12b2b1
TESTRUN15_RECORD_3139@hmcts.net,cfd49720-320b-4968-b6de-6d782af09f74
TESTRUN15_RECORD_252@hmcts.net,908b3790-dc68-47f4-bcd5-cd5ffc6ded6a
TESTRUN15_RECORD_278@hmcts.net,e48cad16-bfcd-4ce0-b25c-e96f595afb52
TESTRUN15_RECORD_287@hmcts.net,7079efbc-b2e3-43bc-8be2-a417f2b1d95e
TESTRUN15_RECORD_729@hmcts.net,903bfa85-3d03-4813-a7ad-3e6775cfd3b5
TESTRUN15_RECORD_1394@hmcts.net,23a4a3e1-fc3d-43c5-b747-8668be00d3f3
TESTRUN15_RECORD_1410@hmcts.net,788e7781-9ce6-46a1-b725-7ab34a082ca4
TESTRUN15_RECORD_1398@hmcts.net,dd226d50-7fa5-43a0-8e14-7e643bf23e0d
TESTRUN15_RECORD_764@hmcts.net,ed66a99e-b408-4060-a0f2-4a6e71d6c497
TESTRUN15_RECORD_872@hmcts.net,bea49d9e-333b-4e5e-94c0-16d540d1c264
TESTRUN15_RECORD_236@hmcts.net,a617b30a-8338-4553-86c2-c6a4bebf0587
TESTRUN15_RECORD_788@hmcts.net,e76fc2b0-9850-411d-b280-b0cd7795ae88
TESTRUN15_RECORD_237@hmcts.net,3a7aa2b1-389b-4fe2-984c-c8f10d2cf04d
TESTRUN15_RECORD_239@hmcts.net,5ea6a028-71a2-4a5d-a996-57250bdf8188
TESTRUN15_RECORD_803@hmcts.net,86628003-b9e6-4153-85f3-a18534848e1b
TESTRUN15_RECORD_1404@hmcts.net,d566db9f-f292-46c2-b0c6-688b01aa27ed
TESTRUN15_RECORD_85@hmcts.net,84763a2e-0343-43d8-b6c2-5f520cdf83bc
TESTRUN15_RECORD_270@hmcts.net,4cc730fa-b7ee-476f-bbe8-8d7a8e9adc4e
TESTRUN15_RECORD_811@hmcts.net,3b4fee4e-a7c1-46d2-b13b-7280b89f27bf
TESTRUN15_RECORD_240@hmcts.net,4e773bec-da6f-4937-8bab-ae430dba22c7
TESTRUN15_RECORD_457@hmcts.net,54893b24-ddc2-493c-9c8b-3ec128ac9c8d
TESTRUN15_RECORD_812@hmcts.net,1aca146a-b5e2-454c-add1-0ea34886e9b5
TESTRUN15_RECORD_281@hmcts.net,af2de4d6-9974-4b6c-b63c-c6177b526267
TESTRUN15_RECORD_3149@hmcts.net,2642c637-8163-441d-b90d-9042121379e1
TESTRUN15_RECORD_246@hmcts.net,0e384bf3-6660-4ae3-806d-eb179537d862
TESTRUN15_RECORD_808@hmcts.net,889b7676-e965-4000-848d-164ccb21c7cb
TESTRUN15_RECORD_88@hmcts.net,27bd23ce-2d81-4bcf-bfa5-4ec1611683e2
TESTRUN15_RECORD_247@hmcts.net,1511e743-c07e-410e-9258-25f3bb032d25
TESTRUN15_RECORD_806@hmcts.net,47377a10-b116-4d45-a0b5-b8456dcd081d
TESTRUN15_RECORD_268@hmcts.net,abb06b2f-f51c-4be1-a677-6bc07295403e
TESTRUN15_RECORD_248@hmcts.net,919e7f70-26ec-436e-a74e-cd8067618062
TESTRUN15_RECORD_256@hmcts.net,48b973c1-0b80-4e9a-9ce5-28ec8bd75bad
TESTRUN15_RECORD_60@hmcts.net,0c561cb6-0267-43f4-b35d-271e5293797d
TESTRUN15_RECORD_426@hmcts.net,718d39f9-c3b2-4609-b649-aebc4adc581d
TESTRUN15_RECORD_257@hmcts.net,87aadbad-f806-4f0f-ada1-d887ebe2d668
TESTRUN15_RECORD_271@hmcts.net,1d222646-a39c-4fe8-a849-dec8641a4148
TESTRUN15_RECORD_1987@hmcts.net,3116c055-21a8-440e-8071-2957c1ee376f
TESTRUN15_RECORD_258@hmcts.net,5e733447-671a-4bc7-929c-915e4b8d4e1a
TESTRUN15_RECORD_828@hmcts.net,d3301f6d-b57d-4e69-8fce-8b20dd8b9ba3
TESTRUN15_RECORD_3157@hmcts.net,c6848224-efca-4046-aad5-0842448efb38
TESTRUN15_RECORD_1077@hmcts.net,a20d0035-45fb-49ee-b6d2-b3612b05992c
TESTRUN15_RECORD_259@hmcts.net,4811e602-33c9-4f0f-b0e8-c00ad9e26d91
TESTRUN15_RECORD_1402@hmcts.net,3d646abb-a112-4dd5-9396-02641f6d6a71
TESTRUN15_RECORD_1405@hmcts.net,f0fadc2f-f434-4a8f-9343-eae63dd0af87
TESTRUN15_RECORD_148@hmcts.net,1cea6d88-eca8-4d05-996d-45b1731a5e15
TESTRUN15_RECORD_1407@hmcts.net,26f5e6f0-781d-415d-95bb-f1b1ffd80488
TESTRUN15_RECORD_1409@hmcts.net,5a1b3e4b-a132-422d-82e4-078a5a879e86
TESTRUN15_RECORD_263@hmcts.net,092db3fe-3d6f-403d-8e86-c52c65651f66
TESTRUN15_RECORD_264@hmcts.net,e828f45d-21c8-4709-aab2-675d38f71a40
TESTRUN15_RECORD_832@hmcts.net,dd92f781-0dd6-41d2-ac01-2906eb0b3590
TESTRUN15_RECORD_92@hmcts.net,039f8915-e4e7-47b9-a94a-72c0381999f3
TESTRUN15_RECORD_265@hmcts.net,ed61ceb3-7a33-429b-a4c0-1ced705d3fab
TESTRUN15_RECORD_313@hmcts.net,3393a0f7-b98a-44d2-aca9-0bfa83effea4
TESTRUN15_RECORD_839@hmcts.net,a1c8e20e-e2f5-49e4-b6be-1d1e06d23222
TESTRUN15_RECORD_842@hmcts.net,85c70f7e-896d-48ae-ba7f-be09960c612a
TESTRUN15_RECORD_276@hmcts.net,45c1783c-f7f1-4f21-9357-f1e92d3c77b2
TESTRUN15_RECORD_2917@hmcts.net,631223e1-e24b-48d0-9bd8-d92a278e1dbb
TESTRUN15_RECORD_295@hmcts.net,34f9ec07-f333-435a-a010-6ae8573a11df
TESTRUN15_RECORD_633@hmcts.net,28714de2-4e1f-4f3c-89bf-9caf7e09bc9f
TESTRUN15_RECORD_280@hmcts.net,ae339628-febb-423d-adee-fe409da7df51
TESTRUN15_RECORD_1507@hmcts.net,4fbb156f-5c41-4f81-99a7-76738d3c2fd1
TESTRUN15_RECORD_274@hmcts.net,e08aa760-b41b-430a-a233-aec65acdf2a5
TESTRUN15_RECORD_275@hmcts.net,1f578399-ebea-4bfe-8953-3b66195bb1ab
TESTRUN15_RECORD_869@hmcts.net,35d9e014-716b-464d-8d2b-d5f71b5c5163
TESTRUN15_RECORD_277@hmcts.net,d9c2baef-b8a3-425b-a0e9-88cd4c3f9b46
TESTRUN15_RECORD_294@hmcts.net,539e9756-1a58-40d4-8235-98b49d8ce09f
TESTRUN15_RECORD_303@hmcts.net,49999f81-b745-4b8b-a217-58b4dc80f195
TESTRUN15_RECORD_875@hmcts.net,c237a01d-33c9-46b3-b02c-34e4ebaae0ec
TESTRUN15_RECORD_572@hmcts.net,d29a5835-43e5-4883-91ee-9e5534c838b1
TESTRUN15_RECORD_279@hmcts.net,155226e5-a546-422c-afc8-4c87eba24068
TESTRUN15_RECORD_1281@hmcts.net,4b543643-4ac9-47c7-b641-6fef9a4004c7
TESTRUN15_RECORD_266@hmcts.net,84066d66-86c8-451c-b030-e16c80858260
TESTRUN15_RECORD_2047@hmcts.net,9a8bdd4f-8b4b-4632-b1a3-6465bf14990f
TESTRUN15_RECORD_563@hmcts.net,f1698169-744f-48d1-bba3-ce7b2388a63f
TESTRUN15_RECORD_284@hmcts.net,bd938a28-a159-4c4c-a84b-9ad64378346f
TESTRUN15_RECORD_289@hmcts.net,611c658a-3252-4d47-afe6-b3f69a687181
TESTRUN15_RECORD_290@hmcts.net,335b066b-8e84-4cdf-a055-494b2da5156b
TESTRUN15_RECORD_888@hmcts.net,6788e472-4c5a-4785-abb8-0c7528b5edd2
TESTRUN15_RECORD_1430@hmcts.net,45e87702-6226-481a-8f9d-8decb93f6221
TESTRUN15_RECORD_282@hmcts.net,876727e4-ad30-4491-b6e2-51d4071b003a
TESTRUN15_RECORD_3018@hmcts.net,df98a7c4-de12-4adf-9062-7843a688940f
TESTRUN15_RECORD_283@hmcts.net,91a5d8db-ff4b-4c89-997f-44055a329c8d
TESTRUN15_RECORD_285@hmcts.net,1d444cf1-c809-4918-bc6e-b07ddd37b7f3
TESTRUN15_RECORD_318@hmcts.net,87290ac3-1d04-4b6f-95cc-fc7ed53213ae
TESTRUN15_RECORD_296@hmcts.net,834a783f-7240-48e0-a5c6-417115258875
TESTRUN15_RECORD_3025@hmcts.net,b9d97e84-ce46-4d61-91be-1f2b041e3443
TESTRUN15_RECORD_1429@hmcts.net,acf576f8-6b1e-4cdb-b1c9-43a201a3cc4f
TESTRUN15_RECORD_3047@hmcts.net,c38179f6-5b34-4bf7-bc41-a050eac4c5cc
TESTRUN15_RECORD_1434@hmcts.net,25d82df8-6ff8-4ec7-8c79-43897fc7db43
TESTRUN15_RECORD_647@hmcts.net,bc081c73-c938-422b-8254-64470c64a4b8
TESTRUN15_RECORD_291@hmcts.net,27e7aa06-47e3-4320-b9b7-6b9772c55545
TESTRUN15_RECORD_305@hmcts.net,0d34bd1e-b9b2-40a9-ae90-09ca56e111bf
TESTRUN15_RECORD_292@hmcts.net,11e2d49d-5f3a-4549-b676-0220068ebb29
TESTRUN15_RECORD_3041@hmcts.net,88b97da3-0024-4968-b39a-bf29828fef41
TESTRUN15_RECORD_535@hmcts.net,9af55b19-00f4-47fd-bf7b-5a1f9d68ea8d
TESTRUN15_RECORD_1805@hmcts.net,21b43d2b-4ea4-4191-8617-eec283f9420b
TESTRUN15_RECORD_102@hmcts.net,2e6c093e-1d66-42fc-a2ad-cb3659f61b70
TESTRUN15_RECORD_297@hmcts.net,be687e59-44f5-41c4-937e-f0d360738677
TESTRUN15_RECORD_298@hmcts.net,73081b27-da2e-4ba5-8fa4-cf180b1b8a1e
TESTRUN15_RECORD_524@hmcts.net,19f64100-6eed-4952-b652-96ebee887107
TESTRUN15_RECORD_300@hmcts.net,6f223494-1158-4038-a0e7-2345aa504e0e
TESTRUN15_RECORD_138@hmcts.net,79891d93-326d-4ee5-be89-e2a6676dae8f
TESTRUN15_RECORD_2051@hmcts.net,56674b53-8675-4318-aa79-1a439316d35d
TESTRUN15_RECORD_99@hmcts.net,0a248ec3-07d1-4286-b61a-f9d84920b516
TESTRUN15_RECORD_1431@hmcts.net,d916737e-60c2-46d7-946f-5dd082a765ad
TESTRUN15_RECORD_2049@hmcts.net,bf4f8716-6b83-48ef-84c2-d92acf5808a3
TESTRUN15_RECORD_911@hmcts.net,41e8e2ae-9c6c-465d-b84f-b1760ad9455e
TESTRUN15_RECORD_2203@hmcts.net,cd2d87a4-03cb-4ae4-9313-6a672df86a01
TESTRUN15_RECORD_2050@hmcts.net,d7f05029-9421-4c4b-865c-110f87a72583
TESTRUN15_RECORD_1379@hmcts.net,2c5a4b87-1946-4fc6-9f08-50b381dac04c
TESTRUN15_RECORD_1427@hmcts.net,87ffc6d5-631e-488e-bb48-4ffb676feff8
TESTRUN15_RECORD_301@hmcts.net,58d840b0-4bb0-407b-b5e0-496a19ab6623
TESTRUN15_RECORD_302@hmcts.net,e06600bb-1aa7-4d4d-b905-fd1c4fbc20e1
TESTRUN15_RECORD_2060@hmcts.net,3140ecf0-f2bb-4c00-a1f2-faaad1dd5585
TESTRUN15_RECORD_1450@hmcts.net,376f9c12-bfba-42d6-94d0-ea05cbfa7616
TESTRUN15_RECORD_349@hmcts.net,30bb6238-36ac-4045-ba10-de515ae49f68
TESTRUN15_RECORD_676@hmcts.net,da8698da-c256-4f95-b3ea-d57c6a71bc69
TESTRUN15_RECORD_1452@hmcts.net,3af42107-ca33-4ff9-9275-c9a9272641ed
TESTRUN15_RECORD_2064@hmcts.net,e02507b5-a757-41d8-bd3b-a2b8bb0d7db1
TESTRUN15_RECORD_1455@hmcts.net,9477a367-9d40-42c2-bbd1-144964073e3a
TESTRUN15_RECORD_2065@hmcts.net,cfafa37a-9de0-4e55-b5f6-4ae3cb052f95
TESTRUN15_RECORD_306@hmcts.net,9fdd2b67-471f-4e41-8158-06c744d254d1
TESTRUN15_RECORD_936@hmcts.net,57b758cf-a561-4f51-ae31-6983947a5108
TESTRUN15_RECORD_2066@hmcts.net,4b74c428-d9cd-4c6e-9653-5f8813fbd94a
TESTRUN15_RECORD_286@hmcts.net,9859eed8-70ba-4f25-9b0a-6c0cc3194489
TESTRUN15_RECORD_339@hmcts.net,35a23bf9-0d7e-447d-ac45-26ccd8505f64
TESTRUN15_RECORD_1199@hmcts.net,0a5da939-1fec-48d2-a1b4-7ab2ef86c618
TESTRUN15_RECORD_2068@hmcts.net,e2fcd775-3779-4804-b0ad-5499ff524593
TESTRUN15_RECORD_114@hmcts.net,477c1a16-38ab-45c0-b1f6-22646d9d050a
TESTRUN15_RECORD_307@hmcts.net,624805cb-7994-4ad7-bc02-50c8ce2f4330
TESTRUN15_RECORD_2075@hmcts.net,ad433463-c920-43f6-a0e4-b1ea5f8470f0
TESTRUN15_RECORD_316@hmcts.net,3ce4a5c3-3ad2-4432-8970-dd37c629fe41
TESTRUN15_RECORD_1567@hmcts.net,a88015e5-bcef-42cc-b22f-f8c8ad01ae71
TESTRUN15_RECORD_308@hmcts.net,a562c41d-acbc-4bc0-8bd6-f42958f778bb
TESTRUN15_RECORD_2079@hmcts.net,496f2640-93b5-4697-b846-664902c9795e
TESTRUN15_RECORD_309@hmcts.net,979a17d5-50cc-4dcc-8419-267baa4da813
TESTRUN15_RECORD_503@hmcts.net,fbb5e892-1b47-4d39-b623-bdb1ec7201d2
TESTRUN15_RECORD_341@hmcts.net,ec5eb0ea-56da-40c4-aced-251a4d5ffee6
TESTRUN15_RECORD_1147@hmcts.net,97c23fd3-83d6-41fe-aafc-bb44efbc5f95
TESTRUN15_RECORD_400@hmcts.net,26d06a6b-feaa-42f9-895f-1daf23ecbcc6
TESTRUN15_RECORD_310@hmcts.net,2a224dc7-4118-453f-81ab-c1103aa65079
TESTRUN15_RECORD_311@hmcts.net,3057b4ba-1ff6-460a-97d5-53d970f23b32
TESTRUN15_RECORD_2091@hmcts.net,ba5a7769-c7a1-4766-b0a6-5e942646483e
TESTRUN15_RECORD_312@hmcts.net,17b8e173-b48b-48c9-b3b8-1e949c8d1ea6
TESTRUN15_RECORD_314@hmcts.net,31057aef-7c68-42e2-8e60-56dd7ef38619
TESTRUN15_RECORD_2099@hmcts.net,fc8c9f22-bc66-4c71-aab7-06c0de991c3e
TESTRUN15_RECORD_317@hmcts.net,d6f4e14a-f8e3-4995-92a7-395fbd900aca
TESTRUN15_RECORD_1144@hmcts.net,ebe9f09d-98e6-4a09-8e8b-2eec9210dfa6
TESTRUN15_RECORD_2096@hmcts.net,69887126-55a2-40c1-b42b-05af5b28d86f
TESTRUN15_RECORD_1464@hmcts.net,3e8dbb09-0af4-4ee4-bfae-a56c4df5ac4e
TESTRUN15_RECORD_1470@hmcts.net,efda5d0d-00ea-4e6e-89ba-4cb7cec7eace
TESTRUN15_RECORD_2102@hmcts.net,a132e15c-5a45-4dbb-bb61-5eab7602b13e
TESTRUN15_RECORD_2108@hmcts.net,fbf257c0-0335-46b9-9af7-d096afa0440f
TESTRUN15_RECORD_1498@hmcts.net,d1843e9d-15ca-4380-8d96-dc9e52628b8d
TESTRUN15_RECORD_323@hmcts.net,302492a5-5c62-4bea-887f-314746a4e48d
TESTRUN15_RECORD_328@hmcts.net,dbfb520b-b761-45e9-80a9-53c6988ba65d
TESTRUN15_RECORD_1936@hmcts.net,5a7a3135-8cbe-47f9-bedd-8faf8ea6f25f
TESTRUN15_RECORD_326@hmcts.net,62ef665c-77b0-4166-ab0b-4c86f91e5a0f
TESTRUN15_RECORD_320@hmcts.net,cf89edc8-f14f-498c-ad3b-48c9c894f244
TESTRUN15_RECORD_2106@hmcts.net,d940bc13-bfa4-482b-8f3f-81653ff9d92c
TESTRUN15_RECORD_507@hmcts.net,ae37b369-d152-4888-ad42-6efdec55e155
TESTRUN15_RECORD_504@hmcts.net,faf97331-84a5-4e3b-bc26-6359285d6575
TESTRUN15_RECORD_322@hmcts.net,cf620b4b-03fc-4bbf-a472-838f4af5acdc
TESTRUN15_RECORD_2105@hmcts.net,31d41a9a-e401-4ed5-845c-26680de5383e
TESTRUN15_RECORD_324@hmcts.net,9f79c20f-2ae5-477b-a25b-93f2af1d1f74
TESTRUN15_RECORD_325@hmcts.net,0ab4c00a-8641-4121-8278-08ede0b1896f
TESTRUN15_RECORD_333@hmcts.net,8d952556-e833-4a0c-8c2c-ca5f0b55d1a4
TESTRUN15_RECORD_329@hmcts.net,55043bf5-4b13-48d9-aa16-ee1b7df2b68c
TESTRUN15_RECORD_693@hmcts.net,2b4eb192-7401-48d6-bd25-6a0f2fcbf7ad
TESTRUN15_RECORD_1943@hmcts.net,72eb7903-f85d-478d-901c-a65adca7443c
TESTRUN15_RECORD_2112@hmcts.net,02cea8ed-ee5b-4349-abf5-fbab88f8b779
TESTRUN15_RECORD_330@hmcts.net,3453efd8-f942-40c3-85a6-610382e7abf0
TESTRUN15_RECORD_105@hmcts.net,ca322a4c-99bb-4576-ac6c-f3af8db667e5
TESTRUN15_RECORD_694@hmcts.net,01df3f0b-6cdb-4a2e-98ff-273f26de5cc4
TESTRUN15_RECORD_338@hmcts.net,7f8cf811-e91d-4aab-ad7f-01529e46e326
TESTRUN15_RECORD_1960@hmcts.net,80c043b9-614d-4146-9d2f-223a077673d3
TESTRUN15_RECORD_2116@hmcts.net,4b3b157a-77d6-4f09-a4cb-78853f87b032
TESTRUN15_RECORD_1944@hmcts.net,c37b2911-c52f-4de2-ac4f-9af055485243
TESTRUN15_RECORD_331@hmcts.net,0ec9c911-38f2-4122-9bc3-1dec47cb3b21
TESTRUN15_RECORD_332@hmcts.net,7137d7e9-afbf-43ea-a315-50f271a83275
TESTRUN15_RECORD_351@hmcts.net,3d626017-16f1-4dd7-8596-ef29206c254a
TESTRUN15_RECORD_2174@hmcts.net,293049e2-8ee8-4127-b92f-6519ec5b15c2
TESTRUN15_RECORD_335@hmcts.net,7d3ca30f-7fdb-40d3-8a5d-59acee56ae7e
TESTRUN15_RECORD_2131@hmcts.net,02ec9f0f-6551-41ae-bc41-35b8aa6f8b49
TESTRUN15_RECORD_334@hmcts.net,94aa1243-3a96-4883-ac48-d42e9f389a09
TESTRUN15_RECORD_336@hmcts.net,eb3dcf07-9361-4329-aea4-8a40fd30790c
TESTRUN15_RECORD_2196@hmcts.net,5dd51197-a8ff-46ac-9155-4ab6e839aef3
TESTRUN15_RECORD_530@hmcts.net,87339e5e-570e-4da1-8f3d-8132b48a9fea
TESTRUN15_RECORD_1970@hmcts.net,25f08cb2-efe8-4914-9d4d-afe846153308
TESTRUN15_RECORD_2134@hmcts.net,31beb529-f96d-4443-b877-7bf0fec037c3
TESTRUN15_RECORD_2006@hmcts.net,ee98879f-32c1-49d6-9e35-c5b8844020c1
TESTRUN15_RECORD_340@hmcts.net,b9d46f78-6180-481f-ae78-55e06215be2b
TESTRUN15_RECORD_2012@hmcts.net,7be5afdd-baab-4007-8240-7ab0098af4d4
TESTRUN15_RECORD_2014@hmcts.net,dc82d311-0131-45b1-ab41-d8cd05b1476d
TESTRUN15_RECORD_352@hmcts.net,3d962140-83f2-4235-9d15-38c61a507894
TESTRUN15_RECORD_342@hmcts.net,3cceb40e-82f6-4a12-9cc1-4b03e47b52d3
TESTRUN15_RECORD_343@hmcts.net,724946e7-75eb-4a9d-8b66-6412c2341f03
TESTRUN15_RECORD_506@hmcts.net,8ced41c0-dc4c-4c1e-9ece-935c1167b3ba
TESTRUN15_RECORD_345@hmcts.net,e64f2679-6c18-4ba8-83d0-65da6d337f4a
TESTRUN15_RECORD_2176@hmcts.net,f2741aa5-0e15-4600-aa2a-6dd9e8eb8d83
TESTRUN15_RECORD_366@hmcts.net,8d0c3630-9aa6-43fd-afe5-75915118a5ea
TESTRUN15_RECORD_2133@hmcts.net,7603f1f8-377a-4513-b7c4-9c2558c2bf38
TESTRUN15_RECORD_2007@hmcts.net,69d42162-b777-4e70-862f-82e62e96d3f8
TESTRUN15_RECORD_347@hmcts.net,df5f28c0-f667-4f57-a4e4-4e728efb1a6d
TESTRUN15_RECORD_380@hmcts.net,b9feaa3b-5fb3-4a4d-8384-8f411df6bca7
TESTRUN15_RECORD_350@hmcts.net,d7385980-ebb5-4db2-afe0-a4935ba61734
TESTRUN15_RECORD_346@hmcts.net,b3f0c91b-1951-4fa9-bd5f-ee770189675e
TESTRUN15_RECORD_2170@hmcts.net,76ff7369-6b36-47ec-b29b-38e8a944dc1f
TESTRUN15_RECORD_2022@hmcts.net,1d2e5d3e-cac9-47b2-aa96-5df7f4e48938
TESTRUN15_RECORD_2024@hmcts.net,beccf963-7945-435e-9e92-4fafa7776b57
TESTRUN15_RECORD_355@hmcts.net,78ac7208-ce2b-4be5-ae82-4ddd30a57c35
TESTRUN15_RECORD_356@hmcts.net,d8495314-e3a5-4f16-8cf5-682cf243aa8d
TESTRUN15_RECORD_407@hmcts.net,b901729c-ff65-42b2-a140-0fd62ee96322
TESTRUN15_RECORD_2165@hmcts.net,e869b88f-6e1d-4184-827e-bd6ce75a8fa1
TESTRUN15_RECORD_367@hmcts.net,afd614c9-e73c-4c49-bd04-2d00b6cd4351
TESTRUN15_RECORD_2171@hmcts.net,7a84dbd5-e7cc-4d7b-a907-d8aa70b03b94
TESTRUN15_RECORD_2178@hmcts.net,ef80ef46-5afa-4883-b860-8b438db1c121
TESTRUN15_RECORD_2037@hmcts.net,28d13d09-16ff-4635-a7af-44af9043f9f2
TESTRUN15_RECORD_2166@hmcts.net,d83cc74b-22fc-4bef-bcc1-b1d01f3badb4
TESTRUN15_RECORD_3134@hmcts.net,b5689018-86c8-4e11-9937-936872b6673d
TESTRUN15_RECORD_3140@hmcts.net,956e075a-57db-46f1-92f0-2b8614d368d7
TESTRUN15_RECORD_860@hmcts.net,b9c15f94-6cff-4d9f-9e22-cc2893109ecc
TESTRUN15_RECORD_376@hmcts.net,ed26ac0c-d289-457e-a72c-a6f3189058e7
TESTRUN15_RECORD_2190@hmcts.net,695dbd1c-5111-43e1-b33e-3c958c744bba
TESTRUN15_RECORD_357@hmcts.net,9f0f66ab-bfb2-4176-b037-90f21d2d4ee6
TESTRUN15_RECORD_2245@hmcts.net,bb5f6237-00c4-4bad-93e1-63e6ec2a84c0
TESTRUN15_RECORD_358@hmcts.net,78d60b1b-f3bb-485c-ba01-cf9fb7a62d09
TESTRUN15_RECORD_2205@hmcts.net,3b373df5-9b26-46be-b051-be2625dc355e
TESTRUN15_RECORD_1500@hmcts.net,60c9ae66-2996-48a0-90cf-4278bd46af6f
TESTRUN15_RECORD_528@hmcts.net,e1dae82e-f79a-4eaf-92e4-c9d530be196b
TESTRUN15_RECORD_1202@hmcts.net,a38f18cf-d441-4ef3-ba2c-d78ad1c8de9f
TESTRUN15_RECORD_2207@hmcts.net,ee029236-2a26-47dc-a572-f01e0df70aaf
TESTRUN15_RECORD_1352@hmcts.net,72d8cf66-3a6e-4106-94d1-9ff8d4330220
TESTRUN15_RECORD_2258@hmcts.net,094ae3df-7a35-43ae-8bf9-3c0ba64b304e
TESTRUN15_RECORD_2236@hmcts.net,5622d754-3039-4c95-81bb-21cbc1ff8c78
TESTRUN15_RECORD_360@hmcts.net,0eff4a39-b30f-49d7-915b-5824f9fa4179
TESTRUN15_RECORD_361@hmcts.net,5a3d462e-e8e9-4767-a53f-19deb2ef67ce
TESTRUN15_RECORD_363@hmcts.net,7e7326d4-c75a-4b46-b4ef-1fc62304337a
TESTRUN15_RECORD_362@hmcts.net,1c4b2e88-b3c1-4389-bb02-7527feed6e66
TESTRUN15_RECORD_2234@hmcts.net,0accacd8-844e-4035-a124-2518d45f59ee
TESTRUN15_RECORD_409@hmcts.net,cda36d67-c491-474e-b00f-fd91705cb49a
TESTRUN15_RECORD_269@hmcts.net,0aa5cb73-c4e4-4b74-8421-0001082ee22a
TESTRUN15_RECORD_2942@hmcts.net,80f77758-d421-454b-81d0-6cea59cf8e6c
TESTRUN15_RECORD_370@hmcts.net,4a44be73-dede-4412-8a9e-d29ef667dcce
TESTRUN15_RECORD_371@hmcts.net,b6c300bb-b7e7-440d-8535-5aa9e27e36aa
TESTRUN15_RECORD_1254@hmcts.net,e952d2e9-d732-4118-be3a-2178d7137c85
TESTRUN15_RECORD_2240@hmcts.net,fb683542-880f-4532-81aa-48cca282b2bf
TESTRUN15_RECORD_372@hmcts.net,a30e7eef-671f-4a39-8fa6-aac9584c4f2e
TESTRUN15_RECORD_1491@hmcts.net,27e1b646-5d19-4cac-9fd2-39437da8ec4a
TESTRUN15_RECORD_2876@hmcts.net,1e54bab4-3820-45d5-bd7d-da922c42aeff
TESTRUN15_RECORD_1492@hmcts.net,d40b9f40-a03b-4776-9c3d-028bb4101bbc
TESTRUN15_RECORD_1512@hmcts.net,5360915e-a720-4e01-97a2-734c0b5994bd
TESTRUN15_RECORD_2246@hmcts.net,5e6e0ce4-43da-47c0-b5d6-0d5b5869a222
TESTRUN15_RECORD_374@hmcts.net,fc96042b-c6a0-488d-9636-e0f1623018b5
TESTRUN15_RECORD_377@hmcts.net,c96dae9f-8a29-4c51-b6d8-9f84198a7f8f
TESTRUN15_RECORD_2243@hmcts.net,67868595-da85-4d3d-b118-e7151ebfacb1
TESTRUN15_RECORD_375@hmcts.net,96d417cc-0fd4-4036-8ae7-2c0ce0d846c2
TESTRUN15_RECORD_437@hmcts.net,f4a00dba-e369-4add-b35f-3213f59c37d9
TESTRUN15_RECORD_378@hmcts.net,5d2951b6-bf80-4a33-848d-a4deb6df0de0
TESTRUN15_RECORD_1149@hmcts.net,7abed408-0071-4ac4-8306-b44c1fd344ab
TESTRUN15_RECORD_379@hmcts.net,6693e33e-2ff0-4cf6-bed2-5dfc1fb06039
TESTRUN15_RECORD_2244@hmcts.net,e3e9b7e0-cab8-4332-9fc8-dfd3c6a51d07
TESTRUN15_RECORD_386@hmcts.net,9bf33154-8bd7-448b-a30c-181fae43b682
TESTRUN15_RECORD_383@hmcts.net,11bde3d1-edda-4d74-a548-262ae5c8a84b
TESTRUN15_RECORD_387@hmcts.net,03390c34-5f50-4204-8e36-76398865fcf5
TESTRUN15_RECORD_2281@hmcts.net,1e5487e3-cc2e-4385-bd12-68e191c2cb1e
TESTRUN15_RECORD_422@hmcts.net,097e6257-e556-45f5-89ed-d966a8a55b7c
TESTRUN15_RECORD_424@hmcts.net,5d0db365-da14-444e-a153-0f930e52d54a
TESTRUN15_RECORD_1256@hmcts.net,46ef8949-4aa1-4624-9f80-27083d2b6fff
TESTRUN15_RECORD_2271@hmcts.net,2550cf81-9236-4974-98cb-1ed7377b1c8d
TESTRUN15_RECORD_395@hmcts.net,ee949d54-7f30-41e1-8df3-4c0895bbcfd4
TESTRUN15_RECORD_390@hmcts.net,e15f1995-b4a3-428c-bba4-0dcdb210423f
TESTRUN15_RECORD_385@hmcts.net,e0501a67-2490-4a7e-b0ac-0df782ae782d
TESTRUN15_RECORD_396@hmcts.net,ba0200b3-1306-4c12-852f-d0a354a7608e
TESTRUN15_RECORD_389@hmcts.net,dfe2fc85-ed75-4031-a068-309822de4f01
TESTRUN15_RECORD_2279@hmcts.net,4f4b7c0f-1992-44cf-a019-c3745f295d2f
TESTRUN15_RECORD_384@hmcts.net,f38fb4dd-7b17-4a42-84e9-ac068802a073
TESTRUN15_RECORD_388@hmcts.net,a38dec48-a59e-40a0-b3da-458afcc97c75
TESTRUN15_RECORD_1418@hmcts.net,98765442-8a6c-4635-a026-017f33d2410f
TESTRUN15_RECORD_2990@hmcts.net,4272c694-e4bb-4bda-bfa2-c73758236431
TESTRUN15_RECORD_391@hmcts.net,78c8dfab-0bb8-40c5-8740-5fc34fdff057
TESTRUN15_RECORD_393@hmcts.net,896186ac-7334-43d5-9757-13b8fd272103
TESTRUN15_RECORD_397@hmcts.net,d6318d44-5d75-4241-96c6-0438e4203008
TESTRUN15_RECORD_402@hmcts.net,49e17ee5-a23c-4f6c-a0dc-586391dd0c80
TESTRUN15_RECORD_197@hmcts.net,3d1fdf91-0bda-4d69-a307-34cef9ef59bf
TESTRUN15_RECORD_403@hmcts.net,2f18ec81-f0e0-4fa0-be83-1541e74ae82e
TESTRUN15_RECORD_2285@hmcts.net,cbae3847-c024-4bf8-9c57-4d81c3d21e83
TESTRUN15_RECORD_2288@hmcts.net,ea34f6a1-cd61-4474-9943-f51f2189acfc
TESTRUN15_RECORD_406@hmcts.net,44faf34d-c0a3-460e-8211-56d144529fa9
TESTRUN15_RECORD_411@hmcts.net,0eb4ed25-d2e7-43df-ba51-a228dd23f453
TESTRUN15_RECORD_410@hmcts.net,b76140a7-9360-40f3-9841-f3d44b797021
TESTRUN15_RECORD_876@hmcts.net,c83bb0ea-ca9c-4655-91c5-1c367cd85760
TESTRUN15_RECORD_413@hmcts.net,a674888a-c446-438c-b20d-a5ad0c81723b
TESTRUN15_RECORD_414@hmcts.net,594691a4-5489-4447-81df-64bd01879454
TESTRUN15_RECORD_445@hmcts.net,018b7ebf-827d-40ef-96a1-85487bf9a8db
TESTRUN15_RECORD_418@hmcts.net,324952a3-e237-4d78-88bc-d35ac1727d5f
TESTRUN15_RECORD_2305@hmcts.net,1eda5615-79c3-48c4-941e-c115810bb11c
TESTRUN15_RECORD_2308@hmcts.net,b8e32e32-c643-494a-96e5-308b89c589e8
TESTRUN15_RECORD_415@hmcts.net,dd57f94c-f3c8-4315-9378-ff20fad8bbec
TESTRUN15_RECORD_1510@hmcts.net,f86f9902-9405-44db-a27d-715154946e8d
TESTRUN15_RECORD_2329@hmcts.net,20306d4e-008e-40d4-8046-6ac07f431896
TESTRUN15_RECORD_1517@hmcts.net,ff431cc6-59f1-4f57-b52f-d6297bb9c9c5
TESTRUN15_RECORD_2348@hmcts.net,c33bb59d-1278-458f-8445-8e6dee2a2dc2
TESTRUN15_RECORD_2318@hmcts.net,7c3439d2-93a4-41a6-8bf7-aad7df2a1ba1
TESTRUN15_RECORD_420@hmcts.net,7c235f60-3e67-443c-9726-cfc99e8394a5
TESTRUN15_RECORD_2338@hmcts.net,6e0cbc2c-c8cc-42c7-90fe-f2d8a2eb9600
TESTRUN15_RECORD_423@hmcts.net,a63043d2-d15b-425b-a533-f9bf5ade9079
TESTRUN15_RECORD_428@hmcts.net,f5587ab7-7a23-40e4-9967-59c362c31817
TESTRUN15_RECORD_427@hmcts.net,4ea35ab8-3c49-4398-b7f8-4446ceff0035
TESTRUN15_RECORD_2345@hmcts.net,25ab1e31-2e66-44e6-bec1-341ce640c88b
TESTRUN15_RECORD_233@hmcts.net,90446afe-926a-4b86-8486-e535deb055ac
TESTRUN15_RECORD_429@hmcts.net,6d49a29b-b1bc-4fc5-a73a-6893713847f4
TESTRUN15_RECORD_2373@hmcts.net,8449db91-e135-4260-815a-1ebecf6b02ac
TESTRUN15_RECORD_430@hmcts.net,e151e8a5-966c-4ad1-a080-01e5ca33ad55
TESTRUN15_RECORD_505@hmcts.net,d0369e51-995c-4bc5-bb8a-4ccd57df1052
TESTRUN15_RECORD_487@hmcts.net,1e5e607f-6bcb-4ae6-826c-98e8f29c14c7
TESTRUN15_RECORD_2349@hmcts.net,dcd251fc-5d20-46e1-973f-f3597db1dbea
TESTRUN15_RECORD_439@hmcts.net,c5bead30-e090-44aa-a785-735885f08bfc
TESTRUN15_RECORD_488@hmcts.net,44757237-c9ad-4d2e-aa0d-b04b564c81df
TESTRUN15_RECORD_435@hmcts.net,a11976aa-5ed6-4e06-9ddc-852a03396a6f
TESTRUN15_RECORD_2426@hmcts.net,2b2e7520-6e3f-49f1-9df5-a84ee468c92a
TESTRUN15_RECORD_2837@hmcts.net,20f59cfd-6d4a-46c0-9f14-886dfba2cef5
TESTRUN15_RECORD_436@hmcts.net,3639aa5a-1c6e-4b9a-b412-cc5a64485b69
TESTRUN15_RECORD_2839@hmcts.net,53169888-e759-4364-b0af-f396caa4290f
TESTRUN15_RECORD_2357@hmcts.net,483d7363-2c69-4f3e-b03d-ef7b752267f6
TESTRUN15_RECORD_432@hmcts.net,3a2f55d6-4747-4e89-87d2-d85125a69fc9
TESTRUN15_RECORD_434@hmcts.net,8a4b492c-d20e-43d4-8227-29af260d656e
TESTRUN15_RECORD_1974@hmcts.net,d468af82-6d6c-449c-8984-f8ffcc6aa502
TESTRUN15_RECORD_472@hmcts.net,f5f7fde5-b2b0-4795-9d39-e1d5240b030a
TESTRUN15_RECORD_2369@hmcts.net,9af7e6cf-14e5-461f-9e31-4e9d93b1aa8d
TESTRUN15_RECORD_441@hmcts.net,939b8cef-c4f1-4374-9b78-b8f06b1d2d6e
TESTRUN15_RECORD_2449@hmcts.net,35169d04-7b2c-48fd-a6a6-3202ae5ae194
TESTRUN15_RECORD_2530@hmcts.net,b588bb64-e8fc-4942-90b4-487be3b5a170
TESTRUN15_RECORD_461@hmcts.net,374fbd7f-5b76-4e0e-932d-1e4e30accb29
TESTRUN15_RECORD_1976@hmcts.net,1961a289-b43f-4779-b88e-4875a5694c75
TESTRUN15_RECORD_456@hmcts.net,76986e8e-875c-4140-83ad-05691bdc0790
TESTRUN15_RECORD_470@hmcts.net,02f62317-a9eb-460d-ad42-73a531b31cfe
TESTRUN15_RECORD_2857@hmcts.net,7ac5c7b6-47c1-4f4d-8288-ab8fdefd4e31
TESTRUN15_RECORD_443@hmcts.net,695dd825-20b2-4056-a913-b6c97746171e
TESTRUN15_RECORD_478@hmcts.net,d17c269e-8dd4-4d36-85fe-a2c784e00fe0
TESTRUN15_RECORD_2873@hmcts.net,a004047c-af19-4e7e-9f64-c2465a43eec0
TESTRUN15_RECORD_442@hmcts.net,1351ded3-d73e-4e25-88f5-931e7a9b7401
TESTRUN15_RECORD_477@hmcts.net,4a80a16d-548d-40b2-b26f-5501534baf73
TESTRUN15_RECORD_2397@hmcts.net,466b0339-baf7-459c-9d6e-0fbf77abbf0b
TESTRUN15_RECORD_1208@hmcts.net,53bb663f-1335-4756-8161-522d30158383
TESTRUN15_RECORD_2016@hmcts.net,e8cda1bb-6f93-4764-81e7-2265d7e329bc
TESTRUN15_RECORD_2950@hmcts.net,a9be4be6-9cfa-40d8-a1c9-eefef6538a2a
TESTRUN15_RECORD_444@hmcts.net,2cd78896-609c-4e42-810d-a907357c449b
TESTRUN15_RECORD_446@hmcts.net,eb06cb4f-37b0-4da4-917c-c25dc3246443
TESTRUN15_RECORD_447@hmcts.net,1c0293ac-b5b5-4412-b843-ac6b82c63a7e
TESTRUN15_RECORD_2400@hmcts.net,b6c18688-6a21-4fbe-af93-b6f1046619f8
TESTRUN15_RECORD_2417@hmcts.net,9a672eea-736c-430f-bf4f-81008888a22d
TESTRUN15_RECORD_2949@hmcts.net,5d0fcebc-7c37-447c-9ca7-a9cf7a72d9ba
TESTRUN15_RECORD_448@hmcts.net,4e5227df-5ee4-4413-b126-e5787b53c95f
TESTRUN15_RECORD_2921@hmcts.net,ef036510-0c76-4608-97cf-1c02de8532da
TESTRUN15_RECORD_2430@hmcts.net,b63a033b-92f1-42dd-a8f1-8916b9540750
TESTRUN15_RECORD_2439@hmcts.net,2cd4796a-02d3-4da0-a745-ff3c2806e4c8
TESTRUN15_RECORD_2468@hmcts.net,48ff0487-a144-4927-9c92-7c08fdd7c7a4
TESTRUN15_RECORD_449@hmcts.net,f1219512-435a-43d7-8fcc-f0183c29d229
TESTRUN15_RECORD_2444@hmcts.net,ce07b081-faa4-4ed4-b796-c237369b1589
TESTRUN15_RECORD_2445@hmcts.net,810d3d6a-a7f3-4173-b395-f2939defdfc2
TESTRUN15_RECORD_2455@hmcts.net,0e03b37b-9d6e-4f3d-bd6c-3bca27d36a68
TESTRUN15_RECORD_451@hmcts.net,054756be-fbc2-432d-af02-a1325eaba6bd
TESTRUN15_RECORD_2464@hmcts.net,47eebe9d-423e-4b58-8f5f-930ad9dd0b68
TESTRUN15_RECORD_452@hmcts.net,a1b523df-9140-4f4d-bf4b-35cb2516174e
TESTRUN15_RECORD_454@hmcts.net,a871205e-707e-4adc-adbd-178e6a0444d5
TESTRUN15_RECORD_2470@hmcts.net,106d86cc-51ea-4db7-91e2-80b88fac99df
TESTRUN15_RECORD_2477@hmcts.net,dd03a767-226a-4d90-a612-f7c9acd41edf
TESTRUN15_RECORD_2254@hmcts.net,efe791dc-8de8-48ab-846f-de3200d409ff
TESTRUN15_RECORD_458@hmcts.net,417e1ae5-a9a1-4545-98bb-5d2b791a303f
TESTRUN15_RECORD_2502@hmcts.net,e5dd5293-bf86-48ce-ac49-b6388c622acd
TESTRUN15_RECORD_1353@hmcts.net,4faa3cf2-fa3b-4517-82b8-5da50a986d8d
TESTRUN15_RECORD_2536@hmcts.net,257c8058-89de-4dd0-aeb6-415f7933da62
TESTRUN15_RECORD_3118@hmcts.net,eef22e88-f381-4e47-8340-ce6568b04619
TESTRUN15_RECORD_2537@hmcts.net,b41e3610-d037-43c6-ac62-12392983178f
TESTRUN15_RECORD_459@hmcts.net,6d4b324d-51f1-4d19-b029-b741a00f1ac5
TESTRUN15_RECORD_463@hmcts.net,bfeb0ca4-14b0-4d80-a05d-4f9fa5a06951
TESTRUN15_RECORD_492@hmcts.net,808f1b7f-2be6-4d96-8e2f-172a5d3ae64a
TESTRUN15_RECORD_1528@hmcts.net,b886f7b6-1576-4f7d-a4a4-6ebf3a7bc3ef
TESTRUN15_RECORD_2538@hmcts.net,726b07c4-3fda-4044-8084-65a85cc22ef8
TESTRUN15_RECORD_1531@hmcts.net,9acc4623-b66e-45ce-91c6-6a9ec43a3fe4
TESTRUN15_RECORD_836@hmcts.net,5457ee62-2386-4e6f-9c12-9dd4a63920bc
TESTRUN15_RECORD_1065@hmcts.net,79b04910-791e-4d6f-9c47-00a5b65e00cb
TESTRUN15_RECORD_464@hmcts.net,72de4464-ee00-4e43-bc2e-54e9a9d75cc9
TESTRUN15_RECORD_2543@hmcts.net,2cf7448c-fc09-41eb-9f77-0f47491f89de
TESTRUN15_RECORD_462@hmcts.net,206de840-7c5d-4186-a92e-d63ff34cd74e
TESTRUN15_RECORD_2588@hmcts.net,0150f1fc-1e98-4d90-8b75-5ca428895fc6
TESTRUN15_RECORD_2648@hmcts.net,8f45ad12-192d-4830-ba2d-29af0d2e1f89
TESTRUN15_RECORD_1550@hmcts.net,7a1e75e9-d89f-4940-bcf6-4641a423b030
TESTRUN15_RECORD_2591@hmcts.net,09a58cf5-7379-4fb8-9847-a8c3ea90f47a
TESTRUN15_RECORD_1551@hmcts.net,4d295966-4272-4092-97d0-4be0d5b70db7
TESTRUN15_RECORD_2612@hmcts.net,94050ef9-68f8-410d-aefa-25d4b14528b4
TESTRUN15_RECORD_903@hmcts.net,d0337598-91fd-4f1f-94d2-599da4e9f104
TESTRUN15_RECORD_1652@hmcts.net,893ec6e4-bb7f-4cef-9159-b6abdb0ba29a
TESTRUN15_RECORD_2608@hmcts.net,b7725ac8-0161-4932-89b8-4d0cb649a60a
TESTRUN15_RECORD_2673@hmcts.net,883ca5e5-bd12-4ce8-8eb6-702a5dbfe216
TESTRUN15_RECORD_466@hmcts.net,e2911c7e-7179-4866-9325-6163c0080333
TESTRUN15_RECORD_468@hmcts.net,22442735-24f9-4d56-b135-619b24016c70
TESTRUN15_RECORD_260@hmcts.net,fe2f4f65-ea9d-45ca-a3d2-2c1513e04fb4
TESTRUN15_RECORD_467@hmcts.net,3d4f42c4-18fd-41b4-ae99-39a429e35019
TESTRUN15_RECORD_469@hmcts.net,aa1ff340-0c15-46e2-bb38-b7c93704465d
TESTRUN15_RECORD_471@hmcts.net,d31b137d-bfee-4a29-b142-b1486b3c4d2f
TESTRUN15_RECORD_490@hmcts.net,00d44fe2-ac0f-4a24-8e07-0b0389ee2dd6
TESTRUN15_RECORD_474@hmcts.net,41ae69d6-a6ed-4df8-a7ea-ea528f97a33d
TESTRUN15_RECORD_473@hmcts.net,7b27d5e1-e528-4e68-b75c-d3630e0028b3
TESTRUN15_RECORD_1538@hmcts.net,7a291a43-808f-4ee1-9000-88061e27d5f6
TESTRUN15_RECORD_2621@hmcts.net,467ff189-7544-4173-a479-758fd0bfda03
TESTRUN15_RECORD_475@hmcts.net,5598f1d4-ddb3-4fe3-9800-b42ba2bfe461
TESTRUN15_RECORD_2629@hmcts.net,c458d543-6b42-4f37-994b-be6724c524c2
TESTRUN15_RECORD_476@hmcts.net,f5afdb54-4656-4073-b75c-07843d0020f8
TESTRUN15_RECORD_1535@hmcts.net,f4853a60-88e0-4a87-bc82-c489eb78b952
TESTRUN15_RECORD_1553@hmcts.net,b9042d69-57e6-4256-a510-abbdb7022c6f
TESTRUN15_RECORD_405@hmcts.net,bb2f26be-f303-42d2-a074-cf6787c4e569
TESTRUN15_RECORD_1534@hmcts.net,138cbc83-f78a-4a11-a39f-74e61c98763e
TESTRUN15_RECORD_1546@hmcts.net,dbc9ce0b-8e91-45ca-bffe-9077ab3e445b
TESTRUN15_RECORD_481@hmcts.net,7e9a1d99-5477-49b6-8731-a1bc99e6d407
TESTRUN15_RECORD_1547@hmcts.net,cd3abb74-e0af-48d4-9bed-9c7aee97efa7
TESTRUN15_RECORD_2647@hmcts.net,727fa233-d556-495c-96be-cc3aa102d526
TESTRUN15_RECORD_2651@hmcts.net,ee007409-687e-4fa6-94e1-3091add45742
TESTRUN15_RECORD_515@hmcts.net,89d0a637-bac1-481e-9983-66c4e23fd3b0
TESTRUN15_RECORD_2662@hmcts.net,c457a475-ecae-4d86-95f5-7880e29bc2e7
TESTRUN15_RECORD_482@hmcts.net,ca3caa8c-180c-4773-b11e-d56b0bf9a725
TESTRUN15_RECORD_381@hmcts.net,e4c692e3-5bdc-4068-8899-bc7e96cf9df2
TESTRUN15_RECORD_2719@hmcts.net,fb37dc44-f0b8-42a6-b902-44ab0a2ac870
TESTRUN15_RECORD_483@hmcts.net,ce992165-0613-46c7-9a8a-641163f2a109
TESTRUN15_RECORD_1554@hmcts.net,893e5c28-93a1-4dda-a68e-e2f0f96494ba
TESTRUN15_RECORD_1608@hmcts.net,35054453-0c1d-454a-ba63-65d886f2c9e0
TESTRUN15_RECORD_484@hmcts.net,43ebe08f-3e7a-464a-9ca4-70a082585390
TESTRUN15_RECORD_491@hmcts.net,cfb6d3e8-7490-434f-ab84-7c427755f1f3
TESTRUN15_RECORD_1555@hmcts.net,35425846-a463-4440-89a4-ddd09982029d
TESTRUN15_RECORD_2883@hmcts.net,889a1db4-b211-48f1-ad76-c71fa5e7da9c
TESTRUN15_RECORD_485@hmcts.net,ddb632f9-b051-4e73-abf3-7cced834a9e1
TESTRUN15_RECORD_2808@hmcts.net,a8dd1acb-feb0-48d9-9d05-709d241c1b5e
TESTRUN15_RECORD_493@hmcts.net,0974a8d0-2f44-4ccd-a8e9-9cce3b8c6221
TESTRUN15_RECORD_2884@hmcts.net,5794e68e-41aa-4c94-85d5-6519b32a7400
TESTRUN15_RECORD_565@hmcts.net,e00f8d2b-45aa-48e8-97ec-4e10275aa02c
TESTRUN15_RECORD_2754@hmcts.net,afa12811-cd36-44da-903b-1f2a72362825
TESTRUN15_RECORD_267@hmcts.net,f733e3e1-4273-4074-aa37-1dddbb40a2c0
TESTRUN15_RECORD_496@hmcts.net,caf6fec2-3787-42c2-b0de-dd5329cac622
TESTRUN15_RECORD_2809@hmcts.net,c66726fd-1150-4651-a511-c46dbafb9b18
TESTRUN15_RECORD_868@hmcts.net,77674d82-d91a-4de2-a8fc-311411f835d4
TESTRUN15_RECORD_1560@hmcts.net,f1a47404-b710-4ab6-b9b4-b95bdfdbe0e0
TESTRUN15_RECORD_1573@hmcts.net,1b771101-6bf9-4237-9763-efe7d204ee9b
TESTRUN15_RECORD_1991@hmcts.net,e0db5834-981c-4434-9f0b-d926c7713667
TESTRUN15_RECORD_2888@hmcts.net,99b703a2-159e-4c10-9839-9c64041b5efa
TESTRUN15_RECORD_1209@hmcts.net,f25191a0-c116-4b1c-8e7e-33562cd47fd5
TESTRUN15_RECORD_2912@hmcts.net,8c592745-5b34-4d97-a108-c308c788ea4f
TESTRUN15_RECORD_348@hmcts.net,53476a42-e652-43cb-ba10-ebe59ce3a80e
TESTRUN15_RECORD_3188@hmcts.net,93b18f26-2b21-4b4d-b453-4796b18fd4f5
TESTRUN15_RECORD_2919@hmcts.net,e887b1e0-466f-401a-9073-31927b00bba7
TESTRUN15_RECORD_2925@hmcts.net,46fd2273-c482-40f0-abea-f78cf5ba69f6
TESTRUN15_RECORD_1718@hmcts.net,3da1114b-e857-4805-b567-bd777cd95722
TESTRUN15_RECORD_2932@hmcts.net,20326b0b-a0af-4f6a-a075-ff77df02b4b2
TESTRUN15_RECORD_3179@hmcts.net,7faf4cc5-ff87-43b4-9874-9de635649c99
TESTRUN15_RECORD_1857@hmcts.net,ca285e45-23df-4025-85bc-863f13274806
TESTRUN15_RECORD_497@hmcts.net,ad2ceaf8-255f-44fb-9e30-5fb8f98a7245
TESTRUN15_RECORD_499@hmcts.net,2ad827a2-02bb-476a-9fa5-bb7a7620ae57
TESTRUN15_RECORD_498@hmcts.net,df8cdd9d-cd88-4212-9120-7bfa906d15cb
TESTRUN15_RECORD_365@hmcts.net,848c1f1f-3ad6-468d-a672-3826ae53fe2d
TESTRUN15_RECORD_500@hmcts.net,3879bf33-fc0e-40d2-a43a-a3c6cc61e0d3
TESTRUN15_RECORD_1187@hmcts.net,450fa980-3edf-475c-b0b8-df5eb9644053
TESTRUN15_RECORD_3185@hmcts.net,d2a32249-c671-4b1d-81fb-05f163a9f933
TESTRUN15_RECORD_3187@hmcts.net,16967d1f-c95f-4dd5-b4c8-512fd4af0997
TESTRUN15_RECORD_460@hmcts.net,081d4a2f-0e11-48ce-b9bc-e1b79b916ff0
TESTRUN15_RECORD_1570@hmcts.net,ebe86202-7773-40ac-b02d-1590c991d1fe
TESTRUN15_RECORD_516@hmcts.net,4019e07e-9d8d-4d1a-bc28-65f6d164f19d
TESTRUN15_RECORD_238@hmcts.net,b43f29fd-e0c8-4b69-99b7-8129905ce985
TESTRUN15_RECORD_193@hmcts.net,f5feaa1a-8bb9-4dc6-9405-38c62c620d8f
TESTRUN15_RECORD_501@hmcts.net,3b5bdf52-84c1-4656-9489-59067f1807c7
TESTRUN15_RECORD_502@hmcts.net,1afbe47b-a044-4c5a-80bf-6e8e12b28a48
TESTRUN15_RECORD_1833@hmcts.net,801df848-1301-4755-b2ca-6b9f225a1c80
TESTRUN15_RECORD_2961@hmcts.net,3a299ca2-421d-4a08-a443-72ca93cfd191
TESTRUN15_RECORD_315@hmcts.net,a02060cc-b703-406b-8127-93eb90bcd489
TESTRUN15_RECORD_337@hmcts.net,806afa2e-fa67-4ce6-abde-e33419031ceb
TESTRUN15_RECORD_438@hmcts.net,1fc12098-5e2b-4152-a2e5-c8ddcc1b36a8
TESTRUN15_RECORD_353@hmcts.net,2ed0b92d-1a54-48f5-b992-1a0e53bf2f8f
TESTRUN15_RECORD_408@hmcts.net,187e1d8a-03ec-4dee-9ef1-a335386edcf2
TESTRUN15_RECORD_417@hmcts.net,da0c2ff3-581f-4b70-8c75-0041db422d3b
TESTRUN15_RECORD_1255@hmcts.net,52031048-ed79-4f50-87a0-a7fdc4a33ebe
TESTRUN15_RECORD_373@hmcts.net,3a5c7e17-3a1e-4593-bc55-546fe4ccc8a5
TESTRUN15_RECORD_455@hmcts.net,1c29074c-8e57-40ef-9d72-cd8444bd0cb1
TESTRUN15_RECORD_2364@hmcts.net,271effc5-105d-47eb-afe4-333b42dd5811
TESTRUN15_RECORD_431@hmcts.net,d41fdc5d-493f-4274-b62a-fceb6ea4da31
TESTRUN15_RECORD_433@hmcts.net,fc74f73a-680a-48b6-b4d4-06237f7e7bdf
TESTRUN15_RECORD_1864@hmcts.net,a0c5e41e-5182-4fe9-9db5-3ce146596261
TESTRUN15_RECORD_3136@hmcts.net,02e2798b-4688-468d-a643-5fdb55d00dc2
TESTRUN15_RECORD_509@hmcts.net,51430fc4-bcfe-4dbb-b71f-81fe8336f006
TESTRUN15_RECORD_556@hmcts.net,14d8b442-88a7-4c72-9d80-2623d105d4a3
TESTRUN15_RECORD_3189@hmcts.net,6027270c-4a73-4c03-a68b-b8db151abe74
TESTRUN15_RECORD_465@hmcts.net,f7d0bd7e-4b5c-49ef-bdb3-2766362cd167
TESTRUN15_RECORD_1563@hmcts.net,64ed28a1-c1de-4272-8a77-c32ee1da6f26
TESTRUN15_RECORD_3133@hmcts.net,e012da2f-3170-46aa-8ae0-b2cef235982d
TESTRUN15_RECORD_1378@hmcts.net,bc38c7f1-e931-4f5b-8757-bce2d0dad9bd
TESTRUN15_RECORD_2411@hmcts.net,2f42ac13-a592-4ad3-af8d-afb75c72165a
TESTRUN15_RECORD_3092@hmcts.net,8d6888af-4575-48c7-a05b-4e48ef0876c4
TESTRUN15_RECORD_65@hmcts.net,67d22979-7584-493f-9169-bd1e58cd5a89
TESTRUN15_RECORD_453@hmcts.net,fa9ef456-8260-4819-b8f2-945b8a12ad42
TESTRUN15_RECORD_514@hmcts.net,e0522fad-aae5-45c1-b776-d555137e63bb
TESTRUN15_RECORD_511@hmcts.net,eb078b64-567c-41ec-8ad0-85e97f8a5105
TESTRUN15_RECORD_526@hmcts.net,67be1987-b037-4b1a-96f5-369d6e390dbb
TESTRUN15_RECORD_564@hmcts.net,fc1122b3-a1cc-429d-a8a6-d24d01bbfa42
TESTRUN15_RECORD_555@hmcts.net,1c3fc131-75dd-41d8-9ba7-863640cf211d
TESTRUN15_RECORD_595@hmcts.net,0124aac6-6dee-4714-b5b2-5e6a73b1b85a
TESTRUN15_RECORD_1954@hmcts.net,f487d256-b883-4f0d-af97-1223aad9db22
TESTRUN15_RECORD_3156@hmcts.net,d8043010-c236-4a03-9012-6ce6f63d0fe4
TESTRUN15_RECORD_272@hmcts.net,866b5973-deb5-4a86-ac86-488f910fe721
TESTRUN15_RECORD_622@hmcts.net,e1318113-5f20-4bfe-9682-1b3d09ea62dc